Timing Analyzer report for OBD2
Mon Apr 21 21:24:21 2025
Quartus Prime Version 23.1std.1 Build 993 05/14/2024 SC Lite Edition


---------------------
; Table of Contents ;
---------------------
  1. Legal Notice
  2. Timing Analyzer Summary
  3. Parallel Compilation
  4. Clocks
  5. Slow 1200mV 85C Model Fmax Summary
  6. Slow 1200mV 85C Model Setup Summary
  7. Slow 1200mV 85C Model Hold Summary
  8. Slow 1200mV 85C Model Recovery Summary
  9. Slow 1200mV 85C Model Removal Summary
 10. Slow 1200mV 85C Model Minimum Pulse Width Summary
 11. Slow 1200mV 85C Model Metastability Summary
 12. Slow 1200mV 0C Model Fmax Summary
 13. Slow 1200mV 0C Model Setup Summary
 14. Slow 1200mV 0C Model Hold Summary
 15. Slow 1200mV 0C Model Recovery Summary
 16. Slow 1200mV 0C Model Removal Summary
 17. Slow 1200mV 0C Model Minimum Pulse Width Summary
 18. Slow 1200mV 0C Model Metastability Summary
 19. Fast 1200mV 0C Model Setup Summary
 20. Fast 1200mV 0C Model Hold Summary
 21. Fast 1200mV 0C Model Recovery Summary
 22. Fast 1200mV 0C Model Removal Summary
 23. Fast 1200mV 0C Model Minimum Pulse Width Summary
 24. Fast 1200mV 0C Model Metastability Summary
 25. Multicorner Timing Analysis Summary
 26. Board Trace Model Assignments
 27. Input Transition Times
 28. Signal Integrity Metrics (Slow 1200mv 0c Model)
 29. Signal Integrity Metrics (Slow 1200mv 85c Model)
 30. Signal Integrity Metrics (Fast 1200mv 0c Model)
 31. Setup Transfers
 32. Hold Transfers
 33. Report TCCS
 34. Report RSKM
 35. Unconstrained Paths Summary
 36. Clock Status Summary
 37. Unconstrained Input Ports
 38. Unconstrained Output Ports
 39. Unconstrained Input Ports
 40. Unconstrained Output Ports
 41. Timing Analyzer Messages



----------------
; Legal Notice ;
----------------
Copyright (C) 2024  Intel Corporation. All rights reserved.
Your use of Intel Corporation's design tools, logic functions 
and other software and tools, and any partner logic 
functions, and any output files from any of the foregoing 
(including device programming or simulation files), and any 
associated documentation or information are expressly subject 
to the terms and conditions of the Intel Program License 
Subscription Agreement, the Intel Quartus Prime License Agreement,
the Intel FPGA IP License Agreement, or other applicable license
agreement, including, without limitation, that your use is for
the sole purpose of programming logic devices manufactured by
Intel and sold by Intel or its authorized distributors.  Please
refer to the applicable agreement for further details, at
https://fpgasoftware.intel.com/eula.



+--------------------------------------------------------------------------------+
; Timing Analyzer Summary                                                        ;
+-----------------------+--------------------------------------------------------+
; Quartus Prime Version ; Version 23.1std.1 Build 993 05/14/2024 SC Lite Edition ;
; Timing Analyzer       ; Legacy Timing Analyzer                                 ;
; Revision Name         ; OBD2                                                   ;
; Device Family         ; MAX 10                                                 ;
; Device Name           ; 10M50DAF484C6GES                                       ;
; Timing Models         ; Preliminary                                            ;
; Delay Model           ; Combined                                               ;
; Rise/Fall Delays      ; Enabled                                                ;
+-----------------------+--------------------------------------------------------+


+------------------------------------------+
; Parallel Compilation                     ;
+----------------------------+-------------+
; Processors                 ; Number      ;
+----------------------------+-------------+
; Number detected on machine ; 8           ;
; Maximum allowed            ; 4           ;
;                            ;             ;
; Average used               ; 1.30        ;
; Maximum used               ; 4           ;
;                            ;             ;
; Usage by Processor         ; % Time Used ;
;     Processor 1            ; 100.0%      ;
;     Processor 2            ;  10.2%      ;
;     Processors 3-4         ;  10.1%      ;
+----------------------------+-------------+


+----------------------------------------------------------------------------------------------------------------------------------------------------------------------------------------------------------+
; Clocks                                                                                                                                                                                                   ;
+---------------------+------+--------+------------+-------+-------+------------+-----------+-------------+-------+--------+-----------+------------+----------+--------+--------+-------------------------+
; Clock Name          ; Type ; Period ; Frequency  ; Rise  ; Fall  ; Duty Cycle ; Divide by ; Multiply by ; Phase ; Offset ; Edge List ; Edge Shift ; Inverted ; Master ; Source ; Targets                 ;
+---------------------+------+--------+------------+-------+-------+------------+-----------+-------------+-------+--------+-----------+------------+----------+--------+--------+-------------------------+
; buffered_data[4][0] ; Base ; 1.000  ; 1000.0 MHz ; 0.000 ; 0.500 ;            ;           ;             ;       ;        ;           ;            ;          ;        ;        ; { buffered_data[4][0] } ;
; buffered_data[4][1] ; Base ; 1.000  ; 1000.0 MHz ; 0.000 ; 0.500 ;            ;           ;             ;       ;        ;           ;            ;          ;        ;        ; { buffered_data[4][1] } ;
; buffered_data[5][0] ; Base ; 1.000  ; 1000.0 MHz ; 0.000 ; 0.500 ;            ;           ;             ;       ;        ;           ;            ;          ;        ;        ; { buffered_data[5][0] } ;
; buffered_data[5][1] ; Base ; 1.000  ; 1000.0 MHz ; 0.000 ; 0.500 ;            ;           ;             ;       ;        ;           ;            ;          ;        ;        ; { buffered_data[5][1] } ;
; MAX10_CLK1_50       ; Base ; 1.000  ; 1000.0 MHz ; 0.000 ; 0.500 ;            ;           ;             ;       ;        ;           ;            ;          ;        ;        ; { MAX10_CLK1_50 }       ;
+---------------------+------+--------+------------+-------+-------+------------+-----------+-------------+-------+--------+-----------+------------+----------+--------+--------+-------------------------+


+----------------------------------------------------------+
; Slow 1200mV 85C Model Fmax Summary                       ;
+-----------+-----------------+---------------------+------+
; Fmax      ; Restricted Fmax ; Clock Name          ; Note ;
+-----------+-----------------+---------------------+------+
; 44.54 MHz ; 44.54 MHz       ; MAX10_CLK1_50       ;      ;
; 71.57 MHz ; 71.57 MHz       ; buffered_data[5][1] ;      ;
; 73.68 MHz ; 73.68 MHz       ; buffered_data[4][1] ;      ;
; 82.73 MHz ; 82.73 MHz       ; buffered_data[5][0] ;      ;
; 86.01 MHz ; 86.01 MHz       ; buffered_data[4][0] ;      ;
+-----------+-----------------+---------------------+------+
This panel reports FMAX for every clock in the design, regardless of the user-specified clock periods.  FMAX is only computed for paths where the source and destination registers or ports are driven by the same clock.  Paths of different clocks, including generated clocks, are ignored.  For paths between a clock and its inversion, FMAX is computed as if the rising and falling edges are scaled along with FMAX, such that the duty cycle (in terms of a percentage) is maintained. Altera recommends that you always use clock constraints and other slack reports for sign-off analysis.


+-----------------------------------------------+
; Slow 1200mV 85C Model Setup Summary           ;
+---------------------+---------+---------------+
; Clock               ; Slack   ; End Point TNS ;
+---------------------+---------+---------------+
; MAX10_CLK1_50       ; -21.452 ; -1006.173     ;
; buffered_data[4][0] ; -18.239 ; -126.360      ;
; buffered_data[5][0] ; -17.757 ; -121.671      ;
; buffered_data[4][1] ; -17.520 ; -221.553      ;
; buffered_data[5][1] ; -16.679 ; -208.272      ;
+---------------------+---------+---------------+


+---------------------------------------------+
; Slow 1200mV 85C Model Hold Summary          ;
+---------------------+-------+---------------+
; Clock               ; Slack ; End Point TNS ;
+---------------------+-------+---------------+
; MAX10_CLK1_50       ; 0.326 ; 0.000         ;
; buffered_data[5][1] ; 0.887 ; 0.000         ;
; buffered_data[4][1] ; 1.386 ; 0.000         ;
; buffered_data[4][0] ; 3.863 ; 0.000         ;
; buffered_data[5][0] ; 4.036 ; 0.000         ;
+---------------------+-------+---------------+


------------------------------------------
; Slow 1200mV 85C Model Recovery Summary ;
------------------------------------------
No paths to report.


-----------------------------------------
; Slow 1200mV 85C Model Removal Summary ;
-----------------------------------------
No paths to report.


+---------------------------------------------------+
; Slow 1200mV 85C Model Minimum Pulse Width Summary ;
+---------------------+--------+--------------------+
; Clock               ; Slack  ; End Point TNS      ;
+---------------------+--------+--------------------+
; MAX10_CLK1_50       ; -3.000 ; -210.983           ;
; buffered_data[4][1] ; -1.593 ; -50.502            ;
; buffered_data[5][1] ; -1.526 ; -74.970            ;
; buffered_data[5][0] ; 0.350  ; 0.000              ;
; buffered_data[4][0] ; 0.352  ; 0.000              ;
+---------------------+--------+--------------------+


-----------------------------------------------
; Slow 1200mV 85C Model Metastability Summary ;
-----------------------------------------------
Design MTBF is not calculated because the design doesn't meet its timing requirements.



+----------------------------------------------------------+
; Slow 1200mV 0C Model Fmax Summary                        ;
+-----------+-----------------+---------------------+------+
; Fmax      ; Restricted Fmax ; Clock Name          ; Note ;
+-----------+-----------------+---------------------+------+
; 49.14 MHz ; 49.14 MHz       ; MAX10_CLK1_50       ;      ;
; 80.28 MHz ; 80.28 MHz       ; buffered_data[5][1] ;      ;
; 82.21 MHz ; 82.21 MHz       ; buffered_data[4][1] ;      ;
; 92.89 MHz ; 92.89 MHz       ; buffered_data[5][0] ;      ;
; 95.57 MHz ; 95.57 MHz       ; buffered_data[4][0] ;      ;
+-----------+-----------------+---------------------+------+
This panel reports FMAX for every clock in the design, regardless of the user-specified clock periods.  FMAX is only computed for paths where the source and destination registers or ports are driven by the same clock.  Paths of different clocks, including generated clocks, are ignored.  For paths between a clock and its inversion, FMAX is computed as if the rising and falling edges are scaled along with FMAX, such that the duty cycle (in terms of a percentage) is maintained. Altera recommends that you always use clock constraints and other slack reports for sign-off analysis.


+-----------------------------------------------+
; Slow 1200mV 0C Model Setup Summary            ;
+---------------------+---------+---------------+
; Clock               ; Slack   ; End Point TNS ;
+---------------------+---------+---------------+
; MAX10_CLK1_50       ; -19.352 ; -898.909      ;
; buffered_data[4][0] ; -16.449 ; -114.029      ;
; buffered_data[5][0] ; -15.968 ; -109.573      ;
; buffered_data[4][1] ; -15.781 ; -199.908      ;
; buffered_data[5][1] ; -14.972 ; -187.418      ;
+---------------------+---------+---------------+


+---------------------------------------------+
; Slow 1200mV 0C Model Hold Summary           ;
+---------------------+-------+---------------+
; Clock               ; Slack ; End Point TNS ;
+---------------------+-------+---------------+
; MAX10_CLK1_50       ; 0.295 ; 0.000         ;
; buffered_data[5][1] ; 0.739 ; 0.000         ;
; buffered_data[4][1] ; 1.217 ; 0.000         ;
; buffered_data[4][0] ; 3.562 ; 0.000         ;
; buffered_data[5][0] ; 3.673 ; 0.000         ;
+---------------------+-------+---------------+


-----------------------------------------
; Slow 1200mV 0C Model Recovery Summary ;
-----------------------------------------
No paths to report.


----------------------------------------
; Slow 1200mV 0C Model Removal Summary ;
----------------------------------------
No paths to report.


+--------------------------------------------------+
; Slow 1200mV 0C Model Minimum Pulse Width Summary ;
+---------------------+--------+-------------------+
; Clock               ; Slack  ; End Point TNS     ;
+---------------------+--------+-------------------+
; MAX10_CLK1_50       ; -3.000 ; -210.740          ;
; buffered_data[4][1] ; -1.323 ; -43.826           ;
; buffered_data[5][1] ; -1.249 ; -62.241           ;
; buffered_data[5][0] ; 0.413  ; 0.000             ;
; buffered_data[4][0] ; 0.430  ; 0.000             ;
+---------------------+--------+-------------------+


----------------------------------------------
; Slow 1200mV 0C Model Metastability Summary ;
----------------------------------------------
Design MTBF is not calculated because the design doesn't meet its timing requirements.



+----------------------------------------------+
; Fast 1200mV 0C Model Setup Summary           ;
+---------------------+--------+---------------+
; Clock               ; Slack  ; End Point TNS ;
+---------------------+--------+---------------+
; MAX10_CLK1_50       ; -9.648 ; -394.149      ;
; buffered_data[4][0] ; -8.699 ; -60.143       ;
; buffered_data[4][1] ; -8.370 ; -103.715      ;
; buffered_data[5][0] ; -8.320 ; -56.923       ;
; buffered_data[5][1] ; -7.921 ; -96.983       ;
+---------------------+--------+---------------+


+---------------------------------------------+
; Fast 1200mV 0C Model Hold Summary           ;
+---------------------+-------+---------------+
; Clock               ; Slack ; End Point TNS ;
+---------------------+-------+---------------+
; MAX10_CLK1_50       ; 0.149 ; 0.000         ;
; buffered_data[5][1] ; 0.538 ; 0.000         ;
; buffered_data[4][1] ; 0.649 ; 0.000         ;
; buffered_data[4][0] ; 1.806 ; 0.000         ;
; buffered_data[5][0] ; 1.854 ; 0.000         ;
+---------------------+-------+---------------+


-----------------------------------------
; Fast 1200mV 0C Model Recovery Summary ;
-----------------------------------------
No paths to report.


----------------------------------------
; Fast 1200mV 0C Model Removal Summary ;
----------------------------------------
No paths to report.


+--------------------------------------------------+
; Fast 1200mV 0C Model Minimum Pulse Width Summary ;
+---------------------+--------+-------------------+
; Clock               ; Slack  ; End Point TNS     ;
+---------------------+--------+-------------------+
; MAX10_CLK1_50       ; -3.000 ; -202.364          ;
; buffered_data[4][1] ; -0.611 ; -12.708           ;
; buffered_data[5][1] ; -0.589 ; -12.278           ;
; buffered_data[4][0] ; 0.330  ; 0.000             ;
; buffered_data[5][0] ; 0.340  ; 0.000             ;
+---------------------+--------+-------------------+


----------------------------------------------
; Fast 1200mV 0C Model Metastability Summary ;
----------------------------------------------
Design MTBF is not calculated because the design doesn't meet its timing requirements.



+-------------------------------------------------------------------------------------+
; Multicorner Timing Analysis Summary                                                 ;
+----------------------+-----------+-------+----------+---------+---------------------+
; Clock                ; Setup     ; Hold  ; Recovery ; Removal ; Minimum Pulse Width ;
+----------------------+-----------+-------+----------+---------+---------------------+
; Worst-case Slack     ; -21.452   ; 0.149 ; N/A      ; N/A     ; -3.000              ;
;  MAX10_CLK1_50       ; -21.452   ; 0.149 ; N/A      ; N/A     ; -3.000              ;
;  buffered_data[4][0] ; -18.239   ; 1.806 ; N/A      ; N/A     ; 0.330               ;
;  buffered_data[4][1] ; -17.520   ; 0.649 ; N/A      ; N/A     ; -1.593              ;
;  buffered_data[5][0] ; -17.757   ; 1.854 ; N/A      ; N/A     ; 0.340               ;
;  buffered_data[5][1] ; -16.679   ; 0.538 ; N/A      ; N/A     ; -1.526              ;
; Design-wide TNS      ; -1684.029 ; 0.0   ; 0.0      ; 0.0     ; -336.455            ;
;  MAX10_CLK1_50       ; -1006.173 ; 0.000 ; N/A      ; N/A     ; -210.983            ;
;  buffered_data[4][0] ; -126.360  ; 0.000 ; N/A      ; N/A     ; 0.000               ;
;  buffered_data[4][1] ; -221.553  ; 0.000 ; N/A      ; N/A     ; -50.502             ;
;  buffered_data[5][0] ; -121.671  ; 0.000 ; N/A      ; N/A     ; 0.000               ;
;  buffered_data[5][1] ; -208.272  ; 0.000 ; N/A      ; N/A     ; -74.970             ;
+----------------------+-----------+-------+----------+---------+---------------------+


+--------------------------------------------------------------------------------------------------------------------------------------------------------------------------------------------------------------------------------------------------------------------------------------------------------------------------------------------------------------------------------------------------------------------+
; Board Trace Model Assignments                                                                                                                                                                                                                                                                                                                                                                                      ;
+-----------------+--------------+-------------------+-------------------------+-------------------------+---------------+---------------------+----------------+------------------+--------+------------------+------------------------+------------------------+--------------+---------------+-----------------+-------+---------------------+--------------------+---------------+-----------------+-------------+
; Pin             ; I/O Standard ; Near Tline Length ; Near Tline L per Length ; Near Tline C per Length ; Near Series R ; Near Differential R ; Near Pull-up R ; Near Pull-down R ; Near C ; Far Tline Length ; Far Tline L per Length ; Far Tline C per Length ; Far Series R ; Far Pull-up R ; Far Pull-down R ; Far C ; Termination Voltage ; Far Differential R ; EBD File Name ; EBD Signal Name ; EBD Far-end ;
+-----------------+--------------+-------------------+-------------------------+-------------------------+---------------+---------------------+----------------+------------------+--------+------------------+------------------------+------------------------+--------------+---------------+-----------------+-------+---------------------+--------------------+---------------+-----------------+-------------+
; HEX0[0]         ; 3.3-V LVTTL  ; 0 in              ; 0 H/in                  ; 0 F/in                  ; short         ; -                   ; open           ; open             ; open   ; 0 in             ; 0 H/in                 ; 0 F/in                 ; short        ; open          ; open            ; open  ; 0 V                 ; -                  ; n/a           ; n/a             ; n/a         ;
; HEX0[1]         ; 3.3-V LVTTL  ; 0 in              ; 0 H/in                  ; 0 F/in                  ; short         ; -                   ; open           ; open             ; open   ; 0 in             ; 0 H/in                 ; 0 F/in                 ; short        ; open          ; open            ; open  ; 0 V                 ; -                  ; n/a           ; n/a             ; n/a         ;
; HEX0[2]         ; 3.3-V LVTTL  ; 0 in              ; 0 H/in                  ; 0 F/in                  ; short         ; -                   ; open           ; open             ; open   ; 0 in             ; 0 H/in                 ; 0 F/in                 ; short        ; open          ; open            ; open  ; 0 V                 ; -                  ; n/a           ; n/a             ; n/a         ;
; HEX0[3]         ; 3.3-V LVTTL  ; 0 in              ; 0 H/in                  ; 0 F/in                  ; short         ; -                   ; open           ; open             ; open   ; 0 in             ; 0 H/in                 ; 0 F/in                 ; short        ; open          ; open            ; open  ; 0 V                 ; -                  ; n/a           ; n/a             ; n/a         ;
; HEX0[4]         ; 3.3-V LVTTL  ; 0 in              ; 0 H/in                  ; 0 F/in                  ; short         ; -                   ; open           ; open             ; open   ; 0 in             ; 0 H/in                 ; 0 F/in                 ; short        ; open          ; open            ; open  ; 0 V                 ; -                  ; n/a           ; n/a             ; n/a         ;
; HEX0[5]         ; 3.3-V LVTTL  ; 0 in              ; 0 H/in                  ; 0 F/in                  ; short         ; -                   ; open           ; open             ; open   ; 0 in             ; 0 H/in                 ; 0 F/in                 ; short        ; open          ; open            ; open  ; 0 V                 ; -                  ; n/a           ; n/a             ; n/a         ;
; HEX0[6]         ; 3.3-V LVTTL  ; 0 in              ; 0 H/in                  ; 0 F/in                  ; short         ; -                   ; open           ; open             ; open   ; 0 in             ; 0 H/in                 ; 0 F/in                 ; short        ; open          ; open            ; open  ; 0 V                 ; -                  ; n/a           ; n/a             ; n/a         ;
; HEX0[7]         ; 3.3-V LVTTL  ; 0 in              ; 0 H/in                  ; 0 F/in                  ; short         ; -                   ; open           ; open             ; open   ; 0 in             ; 0 H/in                 ; 0 F/in                 ; short        ; open          ; open            ; open  ; 0 V                 ; -                  ; n/a           ; n/a             ; n/a         ;
; HEX1[0]         ; 3.3-V LVTTL  ; 0 in              ; 0 H/in                  ; 0 F/in                  ; short         ; -                   ; open           ; open             ; open   ; 0 in             ; 0 H/in                 ; 0 F/in                 ; short        ; open          ; open            ; open  ; 0 V                 ; -                  ; n/a           ; n/a             ; n/a         ;
; HEX1[1]         ; 3.3-V LVTTL  ; 0 in              ; 0 H/in                  ; 0 F/in                  ; short         ; -                   ; open           ; open             ; open   ; 0 in             ; 0 H/in                 ; 0 F/in                 ; short        ; open          ; open            ; open  ; 0 V                 ; -                  ; n/a           ; n/a             ; n/a         ;
; HEX1[2]         ; 3.3-V LVTTL  ; 0 in              ; 0 H/in                  ; 0 F/in                  ; short         ; -                   ; open           ; open             ; open   ; 0 in             ; 0 H/in                 ; 0 F/in                 ; short        ; open          ; open            ; open  ; 0 V                 ; -                  ; n/a           ; n/a             ; n/a         ;
; HEX1[3]         ; 3.3-V LVTTL  ; 0 in              ; 0 H/in                  ; 0 F/in                  ; short         ; -                   ; open           ; open             ; open   ; 0 in             ; 0 H/in                 ; 0 F/in                 ; short        ; open          ; open            ; open  ; 0 V                 ; -                  ; n/a           ; n/a             ; n/a         ;
; HEX1[4]         ; 3.3-V LVTTL  ; 0 in              ; 0 H/in                  ; 0 F/in                  ; short         ; -                   ; open           ; open             ; open   ; 0 in             ; 0 H/in                 ; 0 F/in                 ; short        ; open          ; open            ; open  ; 0 V                 ; -                  ; n/a           ; n/a             ; n/a         ;
; HEX1[5]         ; 3.3-V LVTTL  ; 0 in              ; 0 H/in                  ; 0 F/in                  ; short         ; -                   ; open           ; open             ; open   ; 0 in             ; 0 H/in                 ; 0 F/in                 ; short        ; open          ; open            ; open  ; 0 V                 ; -                  ; n/a           ; n/a             ; n/a         ;
; HEX1[6]         ; 3.3-V LVTTL  ; 0 in              ; 0 H/in                  ; 0 F/in                  ; short         ; -                   ; open           ; open             ; open   ; 0 in             ; 0 H/in                 ; 0 F/in                 ; short        ; open          ; open            ; open  ; 0 V                 ; -                  ; n/a           ; n/a             ; n/a         ;
; HEX1[7]         ; 3.3-V LVTTL  ; 0 in              ; 0 H/in                  ; 0 F/in                  ; short         ; -                   ; open           ; open             ; open   ; 0 in             ; 0 H/in                 ; 0 F/in                 ; short        ; open          ; open            ; open  ; 0 V                 ; -                  ; n/a           ; n/a             ; n/a         ;
; HEX2[0]         ; 3.3-V LVTTL  ; 0 in              ; 0 H/in                  ; 0 F/in                  ; short         ; -                   ; open           ; open             ; open   ; 0 in             ; 0 H/in                 ; 0 F/in                 ; short        ; open          ; open            ; open  ; 0 V                 ; -                  ; n/a           ; n/a             ; n/a         ;
; HEX2[1]         ; 3.3-V LVTTL  ; 0 in              ; 0 H/in                  ; 0 F/in                  ; short         ; -                   ; open           ; open             ; open   ; 0 in             ; 0 H/in                 ; 0 F/in                 ; short        ; open          ; open            ; open  ; 0 V                 ; -                  ; n/a           ; n/a             ; n/a         ;
; HEX2[2]         ; 3.3-V LVTTL  ; 0 in              ; 0 H/in                  ; 0 F/in                  ; short         ; -                   ; open           ; open             ; open   ; 0 in             ; 0 H/in                 ; 0 F/in                 ; short        ; open          ; open            ; open  ; 0 V                 ; -                  ; n/a           ; n/a             ; n/a         ;
; HEX2[3]         ; 3.3-V LVTTL  ; 0 in              ; 0 H/in                  ; 0 F/in                  ; short         ; -                   ; open           ; open             ; open   ; 0 in             ; 0 H/in                 ; 0 F/in                 ; short        ; open          ; open            ; open  ; 0 V                 ; -                  ; n/a           ; n/a             ; n/a         ;
; HEX2[4]         ; 3.3-V LVTTL  ; 0 in              ; 0 H/in                  ; 0 F/in                  ; short         ; -                   ; open           ; open             ; open   ; 0 in             ; 0 H/in                 ; 0 F/in                 ; short        ; open          ; open            ; open  ; 0 V                 ; -                  ; n/a           ; n/a             ; n/a         ;
; HEX2[5]         ; 3.3-V LVTTL  ; 0 in              ; 0 H/in                  ; 0 F/in                  ; short         ; -                   ; open           ; open             ; open   ; 0 in             ; 0 H/in                 ; 0 F/in                 ; short        ; open          ; open            ; open  ; 0 V                 ; -                  ; n/a           ; n/a             ; n/a         ;
; HEX2[6]         ; 3.3-V LVTTL  ; 0 in              ; 0 H/in                  ; 0 F/in                  ; short         ; -                   ; open           ; open             ; open   ; 0 in             ; 0 H/in                 ; 0 F/in                 ; short        ; open          ; open            ; open  ; 0 V                 ; -                  ; n/a           ; n/a             ; n/a         ;
; HEX2[7]         ; 3.3-V LVTTL  ; 0 in              ; 0 H/in                  ; 0 F/in                  ; short         ; -                   ; open           ; open             ; open   ; 0 in             ; 0 H/in                 ; 0 F/in                 ; short        ; open          ; open            ; open  ; 0 V                 ; -                  ; n/a           ; n/a             ; n/a         ;
; HEX3[0]         ; 3.3-V LVTTL  ; 0 in              ; 0 H/in                  ; 0 F/in                  ; short         ; -                   ; open           ; open             ; open   ; 0 in             ; 0 H/in                 ; 0 F/in                 ; short        ; open          ; open            ; open  ; 0 V                 ; -                  ; n/a           ; n/a             ; n/a         ;
; HEX3[1]         ; 3.3-V LVTTL  ; 0 in              ; 0 H/in                  ; 0 F/in                  ; short         ; -                   ; open           ; open             ; open   ; 0 in             ; 0 H/in                 ; 0 F/in                 ; short        ; open          ; open            ; open  ; 0 V                 ; -                  ; n/a           ; n/a             ; n/a         ;
; HEX3[2]         ; 3.3-V LVTTL  ; 0 in              ; 0 H/in                  ; 0 F/in                  ; short         ; -                   ; open           ; open             ; open   ; 0 in             ; 0 H/in                 ; 0 F/in                 ; short        ; open          ; open            ; open  ; 0 V                 ; -                  ; n/a           ; n/a             ; n/a         ;
; HEX3[3]         ; 3.3-V LVTTL  ; 0 in              ; 0 H/in                  ; 0 F/in                  ; short         ; -                   ; open           ; open             ; open   ; 0 in             ; 0 H/in                 ; 0 F/in                 ; short        ; open          ; open            ; open  ; 0 V                 ; -                  ; n/a           ; n/a             ; n/a         ;
; HEX3[4]         ; 3.3-V LVTTL  ; 0 in              ; 0 H/in                  ; 0 F/in                  ; short         ; -                   ; open           ; open             ; open   ; 0 in             ; 0 H/in                 ; 0 F/in                 ; short        ; open          ; open            ; open  ; 0 V                 ; -                  ; n/a           ; n/a             ; n/a         ;
; HEX3[5]         ; 3.3-V LVTTL  ; 0 in              ; 0 H/in                  ; 0 F/in                  ; short         ; -                   ; open           ; open             ; open   ; 0 in             ; 0 H/in                 ; 0 F/in                 ; short        ; open          ; open            ; open  ; 0 V                 ; -                  ; n/a           ; n/a             ; n/a         ;
; HEX3[6]         ; 3.3-V LVTTL  ; 0 in              ; 0 H/in                  ; 0 F/in                  ; short         ; -                   ; open           ; open             ; open   ; 0 in             ; 0 H/in                 ; 0 F/in                 ; short        ; open          ; open            ; open  ; 0 V                 ; -                  ; n/a           ; n/a             ; n/a         ;
; HEX3[7]         ; 3.3-V LVTTL  ; 0 in              ; 0 H/in                  ; 0 F/in                  ; short         ; -                   ; open           ; open             ; open   ; 0 in             ; 0 H/in                 ; 0 F/in                 ; short        ; open          ; open            ; open  ; 0 V                 ; -                  ; n/a           ; n/a             ; n/a         ;
; HEX4[0]         ; 3.3-V LVTTL  ; 0 in              ; 0 H/in                  ; 0 F/in                  ; short         ; -                   ; open           ; open             ; open   ; 0 in             ; 0 H/in                 ; 0 F/in                 ; short        ; open          ; open            ; open  ; 0 V                 ; -                  ; n/a           ; n/a             ; n/a         ;
; HEX4[1]         ; 3.3-V LVTTL  ; 0 in              ; 0 H/in                  ; 0 F/in                  ; short         ; -                   ; open           ; open             ; open   ; 0 in             ; 0 H/in                 ; 0 F/in                 ; short        ; open          ; open            ; open  ; 0 V                 ; -                  ; n/a           ; n/a             ; n/a         ;
; HEX4[2]         ; 3.3-V LVTTL  ; 0 in              ; 0 H/in                  ; 0 F/in                  ; short         ; -                   ; open           ; open             ; open   ; 0 in             ; 0 H/in                 ; 0 F/in                 ; short        ; open          ; open            ; open  ; 0 V                 ; -                  ; n/a           ; n/a             ; n/a         ;
; HEX4[3]         ; 3.3-V LVTTL  ; 0 in              ; 0 H/in                  ; 0 F/in                  ; short         ; -                   ; open           ; open             ; open   ; 0 in             ; 0 H/in                 ; 0 F/in                 ; short        ; open          ; open            ; open  ; 0 V                 ; -                  ; n/a           ; n/a             ; n/a         ;
; HEX4[4]         ; 3.3-V LVTTL  ; 0 in              ; 0 H/in                  ; 0 F/in                  ; short         ; -                   ; open           ; open             ; open   ; 0 in             ; 0 H/in                 ; 0 F/in                 ; short        ; open          ; open            ; open  ; 0 V                 ; -                  ; n/a           ; n/a             ; n/a         ;
; HEX4[5]         ; 3.3-V LVTTL  ; 0 in              ; 0 H/in                  ; 0 F/in                  ; short         ; -                   ; open           ; open             ; open   ; 0 in             ; 0 H/in                 ; 0 F/in                 ; short        ; open          ; open            ; open  ; 0 V                 ; -                  ; n/a           ; n/a             ; n/a         ;
; HEX4[6]         ; 3.3-V LVTTL  ; 0 in              ; 0 H/in                  ; 0 F/in                  ; short         ; -                   ; open           ; open             ; open   ; 0 in             ; 0 H/in                 ; 0 F/in                 ; short        ; open          ; open            ; open  ; 0 V                 ; -                  ; n/a           ; n/a             ; n/a         ;
; HEX4[7]         ; 3.3-V LVTTL  ; 0 in              ; 0 H/in                  ; 0 F/in                  ; short         ; -                   ; open           ; open             ; open   ; 0 in             ; 0 H/in                 ; 0 F/in                 ; short        ; open          ; open            ; open  ; 0 V                 ; -                  ; n/a           ; n/a             ; n/a         ;
; HEX5[0]         ; 3.3-V LVTTL  ; 0 in              ; 0 H/in                  ; 0 F/in                  ; short         ; -                   ; open           ; open             ; open   ; 0 in             ; 0 H/in                 ; 0 F/in                 ; short        ; open          ; open            ; open  ; 0 V                 ; -                  ; n/a           ; n/a             ; n/a         ;
; HEX5[1]         ; 3.3-V LVTTL  ; 0 in              ; 0 H/in                  ; 0 F/in                  ; short         ; -                   ; open           ; open             ; open   ; 0 in             ; 0 H/in                 ; 0 F/in                 ; short        ; open          ; open            ; open  ; 0 V                 ; -                  ; n/a           ; n/a             ; n/a         ;
; HEX5[2]         ; 3.3-V LVTTL  ; 0 in              ; 0 H/in                  ; 0 F/in                  ; short         ; -                   ; open           ; open             ; open   ; 0 in             ; 0 H/in                 ; 0 F/in                 ; short        ; open          ; open            ; open  ; 0 V                 ; -                  ; n/a           ; n/a             ; n/a         ;
; HEX5[3]         ; 3.3-V LVTTL  ; 0 in              ; 0 H/in                  ; 0 F/in                  ; short         ; -                   ; open           ; open             ; open   ; 0 in             ; 0 H/in                 ; 0 F/in                 ; short        ; open          ; open            ; open  ; 0 V                 ; -                  ; n/a           ; n/a             ; n/a         ;
; HEX5[4]         ; 3.3-V LVTTL  ; 0 in              ; 0 H/in                  ; 0 F/in                  ; short         ; -                   ; open           ; open             ; open   ; 0 in             ; 0 H/in                 ; 0 F/in                 ; short        ; open          ; open            ; open  ; 0 V                 ; -                  ; n/a           ; n/a             ; n/a         ;
; HEX5[5]         ; 3.3-V LVTTL  ; 0 in              ; 0 H/in                  ; 0 F/in                  ; short         ; -                   ; open           ; open             ; open   ; 0 in             ; 0 H/in                 ; 0 F/in                 ; short        ; open          ; open            ; open  ; 0 V                 ; -                  ; n/a           ; n/a             ; n/a         ;
; HEX5[6]         ; 3.3-V LVTTL  ; 0 in              ; 0 H/in                  ; 0 F/in                  ; short         ; -                   ; open           ; open             ; open   ; 0 in             ; 0 H/in                 ; 0 F/in                 ; short        ; open          ; open            ; open  ; 0 V                 ; -                  ; n/a           ; n/a             ; n/a         ;
; HEX5[7]         ; 3.3-V LVTTL  ; 0 in              ; 0 H/in                  ; 0 F/in                  ; short         ; -                   ; open           ; open             ; open   ; 0 in             ; 0 H/in                 ; 0 F/in                 ; short        ; open          ; open            ; open  ; 0 V                 ; -                  ; n/a           ; n/a             ; n/a         ;
; LEDR[0]         ; 3.3-V LVTTL  ; 0 in              ; 0 H/in                  ; 0 F/in                  ; short         ; -                   ; open           ; open             ; open   ; 0 in             ; 0 H/in                 ; 0 F/in                 ; short        ; open          ; open            ; open  ; 0 V                 ; -                  ; n/a           ; n/a             ; n/a         ;
; LEDR[1]         ; 3.3-V LVTTL  ; 0 in              ; 0 H/in                  ; 0 F/in                  ; short         ; -                   ; open           ; open             ; open   ; 0 in             ; 0 H/in                 ; 0 F/in                 ; short        ; open          ; open            ; open  ; 0 V                 ; -                  ; n/a           ; n/a             ; n/a         ;
; LEDR[2]         ; 3.3-V LVTTL  ; 0 in              ; 0 H/in                  ; 0 F/in                  ; short         ; -                   ; open           ; open             ; open   ; 0 in             ; 0 H/in                 ; 0 F/in                 ; short        ; open          ; open            ; open  ; 0 V                 ; -                  ; n/a           ; n/a             ; n/a         ;
; LEDR[3]         ; 3.3-V LVTTL  ; 0 in              ; 0 H/in                  ; 0 F/in                  ; short         ; -                   ; open           ; open             ; open   ; 0 in             ; 0 H/in                 ; 0 F/in                 ; short        ; open          ; open            ; open  ; 0 V                 ; -                  ; n/a           ; n/a             ; n/a         ;
; LEDR[4]         ; 3.3-V LVTTL  ; 0 in              ; 0 H/in                  ; 0 F/in                  ; short         ; -                   ; open           ; open             ; open   ; 0 in             ; 0 H/in                 ; 0 F/in                 ; short        ; open          ; open            ; open  ; 0 V                 ; -                  ; n/a           ; n/a             ; n/a         ;
; LEDR[5]         ; 3.3-V LVTTL  ; 0 in              ; 0 H/in                  ; 0 F/in                  ; short         ; -                   ; open           ; open             ; open   ; 0 in             ; 0 H/in                 ; 0 F/in                 ; short        ; open          ; open            ; open  ; 0 V                 ; -                  ; n/a           ; n/a             ; n/a         ;
; LEDR[6]         ; 3.3-V LVTTL  ; 0 in              ; 0 H/in                  ; 0 F/in                  ; short         ; -                   ; open           ; open             ; open   ; 0 in             ; 0 H/in                 ; 0 F/in                 ; short        ; open          ; open            ; open  ; 0 V                 ; -                  ; n/a           ; n/a             ; n/a         ;
; LEDR[7]         ; 3.3-V LVTTL  ; 0 in              ; 0 H/in                  ; 0 F/in                  ; short         ; -                   ; open           ; open             ; open   ; 0 in             ; 0 H/in                 ; 0 F/in                 ; short        ; open          ; open            ; open  ; 0 V                 ; -                  ; n/a           ; n/a             ; n/a         ;
; LEDR[8]         ; 3.3-V LVTTL  ; 0 in              ; 0 H/in                  ; 0 F/in                  ; short         ; -                   ; open           ; open             ; open   ; 0 in             ; 0 H/in                 ; 0 F/in                 ; short        ; open          ; open            ; open  ; 0 V                 ; -                  ; n/a           ; n/a             ; n/a         ;
; LEDR[9]         ; 3.3-V LVTTL  ; 0 in              ; 0 H/in                  ; 0 F/in                  ; short         ; -                   ; open           ; open             ; open   ; 0 in             ; 0 H/in                 ; 0 F/in                 ; short        ; open          ; open            ; open  ; 0 V                 ; -                  ; n/a           ; n/a             ; n/a         ;
; GPIO_35         ; 3.3-V LVTTL  ; 0 in              ; 0 H/in                  ; 0 F/in                  ; short         ; -                   ; open           ; open             ; open   ; 0 in             ; 0 H/in                 ; 0 F/in                 ; short        ; open          ; open            ; open  ; 0 V                 ; -                  ; n/a           ; n/a             ; n/a         ;
; ARDUINO_IO[0]   ; 3.3-V LVTTL  ; 0 in              ; 0 H/in                  ; 0 F/in                  ; short         ; -                   ; open           ; open             ; open   ; 0 in             ; 0 H/in                 ; 0 F/in                 ; short        ; open          ; open            ; open  ; 0 V                 ; -                  ; n/a           ; n/a             ; n/a         ;
; ARDUINO_IO[1]   ; 3.3-V LVTTL  ; 0 in              ; 0 H/in                  ; 0 F/in                  ; short         ; -                   ; open           ; open             ; open   ; 0 in             ; 0 H/in                 ; 0 F/in                 ; short        ; open          ; open            ; open  ; 0 V                 ; -                  ; n/a           ; n/a             ; n/a         ;
; ARDUINO_IO[2]   ; 3.3-V LVTTL  ; 0 in              ; 0 H/in                  ; 0 F/in                  ; short         ; -                   ; open           ; open             ; open   ; 0 in             ; 0 H/in                 ; 0 F/in                 ; short        ; open          ; open            ; open  ; 0 V                 ; -                  ; n/a           ; n/a             ; n/a         ;
; ARDUINO_IO[3]   ; 3.3-V LVTTL  ; 0 in              ; 0 H/in                  ; 0 F/in                  ; short         ; -                   ; open           ; open             ; open   ; 0 in             ; 0 H/in                 ; 0 F/in                 ; short        ; open          ; open            ; open  ; 0 V                 ; -                  ; n/a           ; n/a             ; n/a         ;
; ARDUINO_IO[4]   ; 3.3-V LVTTL  ; 0 in              ; 0 H/in                  ; 0 F/in                  ; short         ; -                   ; open           ; open             ; open   ; 0 in             ; 0 H/in                 ; 0 F/in                 ; short        ; open          ; open            ; open  ; 0 V                 ; -                  ; n/a           ; n/a             ; n/a         ;
; ARDUINO_IO[5]   ; 3.3-V LVTTL  ; 0 in              ; 0 H/in                  ; 0 F/in                  ; short         ; -                   ; open           ; open             ; open   ; 0 in             ; 0 H/in                 ; 0 F/in                 ; short        ; open          ; open            ; open  ; 0 V                 ; -                  ; n/a           ; n/a             ; n/a         ;
; ARDUINO_IO[6]   ; 3.3-V LVTTL  ; 0 in              ; 0 H/in                  ; 0 F/in                  ; short         ; -                   ; open           ; open             ; open   ; 0 in             ; 0 H/in                 ; 0 F/in                 ; short        ; open          ; open            ; open  ; 0 V                 ; -                  ; n/a           ; n/a             ; n/a         ;
; ARDUINO_IO[7]   ; 3.3-V LVTTL  ; 0 in              ; 0 H/in                  ; 0 F/in                  ; short         ; -                   ; open           ; open             ; open   ; 0 in             ; 0 H/in                 ; 0 F/in                 ; short        ; open          ; open            ; open  ; 0 V                 ; -                  ; n/a           ; n/a             ; n/a         ;
; ARDUINO_IO[8]   ; 3.3-V LVTTL  ; 0 in              ; 0 H/in                  ; 0 F/in                  ; short         ; -                   ; open           ; open             ; open   ; 0 in             ; 0 H/in                 ; 0 F/in                 ; short        ; open          ; open            ; open  ; 0 V                 ; -                  ; n/a           ; n/a             ; n/a         ;
; ARDUINO_IO[9]   ; 3.3-V LVTTL  ; 0 in              ; 0 H/in                  ; 0 F/in                  ; short         ; -                   ; open           ; open             ; open   ; 0 in             ; 0 H/in                 ; 0 F/in                 ; short        ; open          ; open            ; open  ; 0 V                 ; -                  ; n/a           ; n/a             ; n/a         ;
; ARDUINO_IO[10]  ; 3.3-V LVTTL  ; 0 in              ; 0 H/in                  ; 0 F/in                  ; short         ; -                   ; open           ; open             ; open   ; 0 in             ; 0 H/in                 ; 0 F/in                 ; short        ; open          ; open            ; open  ; 0 V                 ; -                  ; n/a           ; n/a             ; n/a         ;
; ARDUINO_IO[11]  ; 3.3-V LVTTL  ; 0 in              ; 0 H/in                  ; 0 F/in                  ; short         ; -                   ; open           ; open             ; open   ; 0 in             ; 0 H/in                 ; 0 F/in                 ; short        ; open          ; open            ; open  ; 0 V                 ; -                  ; n/a           ; n/a             ; n/a         ;
; ARDUINO_IO[12]  ; 3.3-V LVTTL  ; 0 in              ; 0 H/in                  ; 0 F/in                  ; short         ; -                   ; open           ; open             ; open   ; 0 in             ; 0 H/in                 ; 0 F/in                 ; short        ; open          ; open            ; open  ; 0 V                 ; -                  ; n/a           ; n/a             ; n/a         ;
; ARDUINO_IO[13]  ; 3.3-V LVTTL  ; 0 in              ; 0 H/in                  ; 0 F/in                  ; short         ; -                   ; open           ; open             ; open   ; 0 in             ; 0 H/in                 ; 0 F/in                 ; short        ; open          ; open            ; open  ; 0 V                 ; -                  ; n/a           ; n/a             ; n/a         ;
; ARDUINO_IO[14]  ; 3.3-V LVTTL  ; 0 in              ; 0 H/in                  ; 0 F/in                  ; short         ; -                   ; open           ; open             ; open   ; 0 in             ; 0 H/in                 ; 0 F/in                 ; short        ; open          ; open            ; open  ; 0 V                 ; -                  ; n/a           ; n/a             ; n/a         ;
; ARDUINO_IO[15]  ; 3.3-V LVTTL  ; 0 in              ; 0 H/in                  ; 0 F/in                  ; short         ; -                   ; open           ; open             ; open   ; 0 in             ; 0 H/in                 ; 0 F/in                 ; short        ; open          ; open            ; open  ; 0 V                 ; -                  ; n/a           ; n/a             ; n/a         ;
; ARDUINO_RESET_N ; 3.3-V LVTTL  ; 0 in              ; 0 H/in                  ; 0 F/in                  ; short         ; -                   ; open           ; open             ; open   ; 0 in             ; 0 H/in                 ; 0 F/in                 ; short        ; open          ; open            ; open  ; 0 V                 ; -                  ; n/a           ; n/a             ; n/a         ;
; ~ALTERA_TDO~    ; 2.5 V        ; 0 in              ; 0 H/in                  ; 0 F/in                  ; short         ; -                   ; open           ; open             ; open   ; 0 in             ; 0 H/in                 ; 0 F/in                 ; short        ; open          ; open            ; open  ; 0 V                 ; -                  ; n/a           ; n/a             ; n/a         ;
+-----------------+--------------+-------------------+-------------------------+-------------------------+---------------+---------------------+----------------+------------------+--------+------------------+------------------------+------------------------+--------------+---------------+-----------------+-------+---------------------+--------------------+---------------+-----------------+-------------+


+---------------------------------------------------------------------------------+
; Input Transition Times                                                          ;
+---------------------+-----------------------+-----------------+-----------------+
; Pin                 ; I/O Standard          ; 10-90 Rise Time ; 90-10 Fall Time ;
+---------------------+-----------------------+-----------------+-----------------+
; KEY[0]              ; 3.3 V Schmitt Trigger ; 2640 ps         ; 2640 ps         ;
; KEY[1]              ; 3.3 V Schmitt Trigger ; 2640 ps         ; 2640 ps         ;
; ARDUINO_IO[0]       ; 3.3-V LVTTL           ; 2640 ps         ; 2640 ps         ;
; ARDUINO_IO[1]       ; 3.3-V LVTTL           ; 2640 ps         ; 2640 ps         ;
; ARDUINO_IO[2]       ; 3.3-V LVTTL           ; 2640 ps         ; 2640 ps         ;
; ARDUINO_IO[3]       ; 3.3-V LVTTL           ; 2640 ps         ; 2640 ps         ;
; ARDUINO_IO[4]       ; 3.3-V LVTTL           ; 2640 ps         ; 2640 ps         ;
; ARDUINO_IO[5]       ; 3.3-V LVTTL           ; 2640 ps         ; 2640 ps         ;
; ARDUINO_IO[6]       ; 3.3-V LVTTL           ; 2640 ps         ; 2640 ps         ;
; ARDUINO_IO[7]       ; 3.3-V LVTTL           ; 2640 ps         ; 2640 ps         ;
; ARDUINO_IO[8]       ; 3.3-V LVTTL           ; 2640 ps         ; 2640 ps         ;
; ARDUINO_IO[9]       ; 3.3-V LVTTL           ; 2640 ps         ; 2640 ps         ;
; ARDUINO_IO[10]      ; 3.3-V LVTTL           ; 2640 ps         ; 2640 ps         ;
; ARDUINO_IO[11]      ; 3.3-V LVTTL           ; 2640 ps         ; 2640 ps         ;
; ARDUINO_IO[12]      ; 3.3-V LVTTL           ; 2640 ps         ; 2640 ps         ;
; ARDUINO_IO[13]      ; 3.3-V LVTTL           ; 2640 ps         ; 2640 ps         ;
; ARDUINO_IO[14]      ; 3.3-V LVTTL           ; 2640 ps         ; 2640 ps         ;
; ARDUINO_IO[15]      ; 3.3-V LVTTL           ; 2640 ps         ; 2640 ps         ;
; ARDUINO_RESET_N     ; 3.3-V LVTTL           ; 2640 ps         ; 2640 ps         ;
; MAX10_CLK1_50       ; 3.3-V LVTTL           ; 2640 ps         ; 2640 ps         ;
; GPIO_33             ; 3.3-V LVTTL           ; 2640 ps         ; 2640 ps         ;
; ~ALTERA_TMS~        ; 2.5 V Schmitt Trigger ; 2000 ps         ; 2000 ps         ;
; ~ALTERA_TCK~        ; 2.5 V Schmitt Trigger ; 2000 ps         ; 2000 ps         ;
; ~ALTERA_TDI~        ; 2.5 V Schmitt Trigger ; 2000 ps         ; 2000 ps         ;
; ~ALTERA_CONFIG_SEL~ ; 2.5 V                 ; 2000 ps         ; 2000 ps         ;
; ~ALTERA_nCONFIG~    ; 2.5 V Schmitt Trigger ; 2000 ps         ; 2000 ps         ;
; ~ALTERA_nSTATUS~    ; 2.5 V Schmitt Trigger ; 2000 ps         ; 2000 ps         ;
; ~ALTERA_CONF_DONE~  ; 2.5 V Schmitt Trigger ; 2000 ps         ; 2000 ps         ;
+---------------------+-----------------------+-----------------+-----------------+


+----------------------------------------------------------------------------------------------------------------------------------------------------------------------------------------------------------------------------------------------------------------------------------------------------------------------------------------------------------------------------------------------------------------------------------------------------------------------------------------------------------------------------------------------------------------------------------------------------------------------------------------------------------------------------------------------+
; Signal Integrity Metrics (Slow 1200mv 0c Model)                                                                                                                                                                                                                                                                                                                                                                                                                                                                                                                                                                                                                                              ;
+-----------------+--------------+---------------------+---------------------+------------------------------+------------------------------+---------------------+---------------------+--------------------------------------+--------------------------------------+-----------------------------+-----------------------------+----------------------------+----------------------------+-----------------------------+-----------------------------+--------------------+--------------------+-------------------------------------+-------------------------------------+----------------------------+----------------------------+---------------------------+---------------------------+
; Pin             ; I/O Standard ; Board Delay on Rise ; Board Delay on Fall ; Steady State Voh at FPGA Pin ; Steady State Vol at FPGA Pin ; Voh Max at FPGA Pin ; Vol Min at FPGA Pin ; Ringback Voltage on Rise at FPGA Pin ; Ringback Voltage on Fall at FPGA Pin ; 10-90 Rise Time at FPGA Pin ; 90-10 Fall Time at FPGA Pin ; Monotonic Rise at FPGA Pin ; Monotonic Fall at FPGA Pin ; Steady State Voh at Far-end ; Steady State Vol at Far-end ; Voh Max at Far-end ; Vol Min at Far-end ; Ringback Voltage on Rise at Far-end ; Ringback Voltage on Fall at Far-end ; 10-90 Rise Time at Far-end ; 90-10 Fall Time at Far-end ; Monotonic Rise at Far-end ; Monotonic Fall at Far-end ;
+-----------------+--------------+---------------------+---------------------+------------------------------+------------------------------+---------------------+---------------------+--------------------------------------+--------------------------------------+-----------------------------+-----------------------------+----------------------------+----------------------------+-----------------------------+-----------------------------+--------------------+--------------------+-------------------------------------+-------------------------------------+----------------------------+----------------------------+---------------------------+---------------------------+
; HEX0[0]         ; 3.3-V LVTTL  ; 0 s                 ; 0 s                 ; 3.08 V                       ; 5.27e-08 V                   ; 3.23 V              ; -0.107 V            ; 0.46 V                               ; 0.279 V                              ; 3.06e-10 s                  ; 4.34e-10 s                  ; No                         ; Yes                        ; 3.08 V                      ; 5.27e-08 V                  ; 3.23 V             ; -0.107 V           ; 0.46 V                              ; 0.279 V                             ; 3.06e-10 s                 ; 4.34e-10 s                 ; No                        ; Yes                       ;
; HEX0[1]         ; 3.3-V LVTTL  ; 0 s                 ; 0 s                 ; 3.08 V                       ; 5.27e-08 V                   ; 3.23 V              ; -0.106 V            ; 0.46 V                               ; 0.281 V                              ; 3.06e-10 s                  ; 4.34e-10 s                  ; No                         ; Yes                        ; 3.08 V                      ; 5.27e-08 V                  ; 3.23 V             ; -0.106 V           ; 0.46 V                              ; 0.281 V                             ; 3.06e-10 s                 ; 4.34e-10 s                 ; No                        ; Yes                       ;
; HEX0[2]         ; 3.3-V LVTTL  ; 0 s                 ; 0 s                 ; 3.08 V                       ; 5.27e-08 V                   ; 3.23 V              ; -0.106 V            ; 0.46 V                               ; 0.281 V                              ; 3.06e-10 s                  ; 4.34e-10 s                  ; No                         ; Yes                        ; 3.08 V                      ; 5.27e-08 V                  ; 3.23 V             ; -0.106 V           ; 0.46 V                              ; 0.281 V                             ; 3.06e-10 s                 ; 4.34e-10 s                 ; No                        ; Yes                       ;
; HEX0[3]         ; 3.3-V LVTTL  ; 0 s                 ; 0 s                 ; 3.08 V                       ; 5.27e-08 V                   ; 3.23 V              ; -0.107 V            ; 0.46 V                               ; 0.279 V                              ; 3.06e-10 s                  ; 4.34e-10 s                  ; No                         ; Yes                        ; 3.08 V                      ; 5.27e-08 V                  ; 3.23 V             ; -0.107 V           ; 0.46 V                              ; 0.279 V                             ; 3.06e-10 s                 ; 4.34e-10 s                 ; No                        ; Yes                       ;
; HEX0[4]         ; 3.3-V LVTTL  ; 0 s                 ; 0 s                 ; 3.08 V                       ; 5.27e-08 V                   ; 3.23 V              ; -0.107 V            ; 0.46 V                               ; 0.279 V                              ; 3.06e-10 s                  ; 4.34e-10 s                  ; No                         ; Yes                        ; 3.08 V                      ; 5.27e-08 V                  ; 3.23 V             ; -0.107 V           ; 0.46 V                              ; 0.279 V                             ; 3.06e-10 s                 ; 4.34e-10 s                 ; No                        ; Yes                       ;
; HEX0[5]         ; 3.3-V LVTTL  ; 0 s                 ; 0 s                 ; 3.08 V                       ; 5.27e-08 V                   ; 3.23 V              ; -0.107 V            ; 0.46 V                               ; 0.279 V                              ; 3.06e-10 s                  ; 4.34e-10 s                  ; No                         ; Yes                        ; 3.08 V                      ; 5.27e-08 V                  ; 3.23 V             ; -0.107 V           ; 0.46 V                              ; 0.279 V                             ; 3.06e-10 s                 ; 4.34e-10 s                 ; No                        ; Yes                       ;
; HEX0[6]         ; 3.3-V LVTTL  ; 0 s                 ; 0 s                 ; 3.08 V                       ; 5.27e-08 V                   ; 3.23 V              ; -0.106 V            ; 0.46 V                               ; 0.281 V                              ; 3.06e-10 s                  ; 4.34e-10 s                  ; No                         ; Yes                        ; 3.08 V                      ; 5.27e-08 V                  ; 3.23 V             ; -0.106 V           ; 0.46 V                              ; 0.281 V                             ; 3.06e-10 s                 ; 4.34e-10 s                 ; No                        ; Yes                       ;
; HEX0[7]         ; 3.3-V LVTTL  ; 0 s                 ; 0 s                 ; 3.08 V                       ; 5.27e-08 V                   ; 3.23 V              ; -0.107 V            ; 0.46 V                               ; 0.279 V                              ; 3.06e-10 s                  ; 4.34e-10 s                  ; No                         ; Yes                        ; 3.08 V                      ; 5.27e-08 V                  ; 3.23 V             ; -0.107 V           ; 0.46 V                              ; 0.279 V                             ; 3.06e-10 s                 ; 4.34e-10 s                 ; No                        ; Yes                       ;
; HEX1[0]         ; 3.3-V LVTTL  ; 0 s                 ; 0 s                 ; 3.08 V                       ; 5.27e-08 V                   ; 3.23 V              ; -0.107 V            ; 0.46 V                               ; 0.279 V                              ; 3.06e-10 s                  ; 4.34e-10 s                  ; No                         ; Yes                        ; 3.08 V                      ; 5.27e-08 V                  ; 3.23 V             ; -0.107 V           ; 0.46 V                              ; 0.279 V                             ; 3.06e-10 s                 ; 4.34e-10 s                 ; No                        ; Yes                       ;
; HEX1[1]         ; 3.3-V LVTTL  ; 0 s                 ; 0 s                 ; 3.08 V                       ; 5.27e-08 V                   ; 3.23 V              ; -0.107 V            ; 0.46 V                               ; 0.279 V                              ; 3.06e-10 s                  ; 4.34e-10 s                  ; No                         ; Yes                        ; 3.08 V                      ; 5.27e-08 V                  ; 3.23 V             ; -0.107 V           ; 0.46 V                              ; 0.279 V                             ; 3.06e-10 s                 ; 4.34e-10 s                 ; No                        ; Yes                       ;
; HEX1[2]         ; 3.3-V LVTTL  ; 0 s                 ; 0 s                 ; 3.08 V                       ; 5.27e-08 V                   ; 3.23 V              ; -0.106 V            ; 0.46 V                               ; 0.281 V                              ; 3.06e-10 s                  ; 4.34e-10 s                  ; No                         ; Yes                        ; 3.08 V                      ; 5.27e-08 V                  ; 3.23 V             ; -0.106 V           ; 0.46 V                              ; 0.281 V                             ; 3.06e-10 s                 ; 4.34e-10 s                 ; No                        ; Yes                       ;
; HEX1[3]         ; 3.3-V LVTTL  ; 0 s                 ; 0 s                 ; 3.08 V                       ; 5.27e-08 V                   ; 3.23 V              ; -0.107 V            ; 0.46 V                               ; 0.279 V                              ; 3.06e-10 s                  ; 4.34e-10 s                  ; No                         ; Yes                        ; 3.08 V                      ; 5.27e-08 V                  ; 3.23 V             ; -0.107 V           ; 0.46 V                              ; 0.279 V                             ; 3.06e-10 s                 ; 4.34e-10 s                 ; No                        ; Yes                       ;
; HEX1[4]         ; 3.3-V LVTTL  ; 0 s                 ; 0 s                 ; 3.08 V                       ; 5.27e-08 V                   ; 3.23 V              ; -0.106 V            ; 0.46 V                               ; 0.281 V                              ; 3.06e-10 s                  ; 4.34e-10 s                  ; No                         ; Yes                        ; 3.08 V                      ; 5.27e-08 V                  ; 3.23 V             ; -0.106 V           ; 0.46 V                              ; 0.281 V                             ; 3.06e-10 s                 ; 4.34e-10 s                 ; No                        ; Yes                       ;
; HEX1[5]         ; 3.3-V LVTTL  ; 0 s                 ; 0 s                 ; 3.08 V                       ; 5.27e-08 V                   ; 3.23 V              ; -0.107 V            ; 0.46 V                               ; 0.279 V                              ; 3.06e-10 s                  ; 4.34e-10 s                  ; No                         ; Yes                        ; 3.08 V                      ; 5.27e-08 V                  ; 3.23 V             ; -0.107 V           ; 0.46 V                              ; 0.279 V                             ; 3.06e-10 s                 ; 4.34e-10 s                 ; No                        ; Yes                       ;
; HEX1[6]         ; 3.3-V LVTTL  ; 0 s                 ; 0 s                 ; 3.08 V                       ; 5.27e-08 V                   ; 3.23 V              ; -0.106 V            ; 0.46 V                               ; 0.281 V                              ; 3.06e-10 s                  ; 4.34e-10 s                  ; No                         ; Yes                        ; 3.08 V                      ; 5.27e-08 V                  ; 3.23 V             ; -0.106 V           ; 0.46 V                              ; 0.281 V                             ; 3.06e-10 s                 ; 4.34e-10 s                 ; No                        ; Yes                       ;
; HEX1[7]         ; 3.3-V LVTTL  ; 0 s                 ; 0 s                 ; 3.08 V                       ; 5.27e-08 V                   ; 3.23 V              ; -0.106 V            ; 0.46 V                               ; 0.281 V                              ; 3.06e-10 s                  ; 4.34e-10 s                  ; No                         ; Yes                        ; 3.08 V                      ; 5.27e-08 V                  ; 3.23 V             ; -0.106 V           ; 0.46 V                              ; 0.281 V                             ; 3.06e-10 s                 ; 4.34e-10 s                 ; No                        ; Yes                       ;
; HEX2[0]         ; 3.3-V LVTTL  ; 0 s                 ; 0 s                 ; 3.08 V                       ; 5.27e-08 V                   ; 3.23 V              ; -0.107 V            ; 0.46 V                               ; 0.279 V                              ; 3.06e-10 s                  ; 4.34e-10 s                  ; No                         ; Yes                        ; 3.08 V                      ; 5.27e-08 V                  ; 3.23 V             ; -0.107 V           ; 0.46 V                              ; 0.279 V                             ; 3.06e-10 s                 ; 4.34e-10 s                 ; No                        ; Yes                       ;
; HEX2[1]         ; 3.3-V LVTTL  ; 0 s                 ; 0 s                 ; 3.08 V                       ; 5.27e-08 V                   ; 3.23 V              ; -0.107 V            ; 0.46 V                               ; 0.279 V                              ; 3.06e-10 s                  ; 4.34e-10 s                  ; No                         ; Yes                        ; 3.08 V                      ; 5.27e-08 V                  ; 3.23 V             ; -0.107 V           ; 0.46 V                              ; 0.279 V                             ; 3.06e-10 s                 ; 4.34e-10 s                 ; No                        ; Yes                       ;
; HEX2[2]         ; 3.3-V LVTTL  ; 0 s                 ; 0 s                 ; 3.08 V                       ; 5.27e-08 V                   ; 3.23 V              ; -0.106 V            ; 0.46 V                               ; 0.281 V                              ; 3.06e-10 s                  ; 4.34e-10 s                  ; No                         ; Yes                        ; 3.08 V                      ; 5.27e-08 V                  ; 3.23 V             ; -0.106 V           ; 0.46 V                              ; 0.281 V                             ; 3.06e-10 s                 ; 4.34e-10 s                 ; No                        ; Yes                       ;
; HEX2[3]         ; 3.3-V LVTTL  ; 0 s                 ; 0 s                 ; 3.08 V                       ; 5.27e-08 V                   ; 3.23 V              ; -0.106 V            ; 0.46 V                               ; 0.281 V                              ; 3.06e-10 s                  ; 4.34e-10 s                  ; No                         ; Yes                        ; 3.08 V                      ; 5.27e-08 V                  ; 3.23 V             ; -0.106 V           ; 0.46 V                              ; 0.281 V                             ; 3.06e-10 s                 ; 4.34e-10 s                 ; No                        ; Yes                       ;
; HEX2[4]         ; 3.3-V LVTTL  ; 0 s                 ; 0 s                 ; 3.08 V                       ; 5.27e-08 V                   ; 3.23 V              ; -0.106 V            ; 0.46 V                               ; 0.281 V                              ; 3.06e-10 s                  ; 4.34e-10 s                  ; No                         ; Yes                        ; 3.08 V                      ; 5.27e-08 V                  ; 3.23 V             ; -0.106 V           ; 0.46 V                              ; 0.281 V                             ; 3.06e-10 s                 ; 4.34e-10 s                 ; No                        ; Yes                       ;
; HEX2[5]         ; 3.3-V LVTTL  ; 0 s                 ; 0 s                 ; 3.08 V                       ; 5.27e-08 V                   ; 3.23 V              ; -0.106 V            ; 0.46 V                               ; 0.281 V                              ; 3.06e-10 s                  ; 4.34e-10 s                  ; No                         ; Yes                        ; 3.08 V                      ; 5.27e-08 V                  ; 3.23 V             ; -0.106 V           ; 0.46 V                              ; 0.281 V                             ; 3.06e-10 s                 ; 4.34e-10 s                 ; No                        ; Yes                       ;
; HEX2[6]         ; 3.3-V LVTTL  ; 0 s                 ; 0 s                 ; 3.08 V                       ; 5.27e-08 V                   ; 3.23 V              ; -0.107 V            ; 0.46 V                               ; 0.279 V                              ; 3.06e-10 s                  ; 4.34e-10 s                  ; No                         ; Yes                        ; 3.08 V                      ; 5.27e-08 V                  ; 3.23 V             ; -0.107 V           ; 0.46 V                              ; 0.279 V                             ; 3.06e-10 s                 ; 4.34e-10 s                 ; No                        ; Yes                       ;
; HEX2[7]         ; 3.3-V LVTTL  ; 0 s                 ; 0 s                 ; 3.08 V                       ; 5.27e-08 V                   ; 3.23 V              ; -0.106 V            ; 0.46 V                               ; 0.281 V                              ; 3.06e-10 s                  ; 4.34e-10 s                  ; No                         ; Yes                        ; 3.08 V                      ; 5.27e-08 V                  ; 3.23 V             ; -0.106 V           ; 0.46 V                              ; 0.281 V                             ; 3.06e-10 s                 ; 4.34e-10 s                 ; No                        ; Yes                       ;
; HEX3[0]         ; 3.3-V LVTTL  ; 0 s                 ; 0 s                 ; 3.08 V                       ; 5.27e-08 V                   ; 3.23 V              ; -0.107 V            ; 0.46 V                               ; 0.279 V                              ; 3.06e-10 s                  ; 4.34e-10 s                  ; No                         ; Yes                        ; 3.08 V                      ; 5.27e-08 V                  ; 3.23 V             ; -0.107 V           ; 0.46 V                              ; 0.279 V                             ; 3.06e-10 s                 ; 4.34e-10 s                 ; No                        ; Yes                       ;
; HEX3[1]         ; 3.3-V LVTTL  ; 0 s                 ; 0 s                 ; 3.08 V                       ; 5.27e-08 V                   ; 3.23 V              ; -0.107 V            ; 0.46 V                               ; 0.279 V                              ; 3.06e-10 s                  ; 4.34e-10 s                  ; No                         ; Yes                        ; 3.08 V                      ; 5.27e-08 V                  ; 3.23 V             ; -0.107 V           ; 0.46 V                              ; 0.279 V                             ; 3.06e-10 s                 ; 4.34e-10 s                 ; No                        ; Yes                       ;
; HEX3[2]         ; 3.3-V LVTTL  ; 0 s                 ; 0 s                 ; 3.08 V                       ; 5.27e-08 V                   ; 3.23 V              ; -0.106 V            ; 0.46 V                               ; 0.281 V                              ; 3.06e-10 s                  ; 4.34e-10 s                  ; No                         ; Yes                        ; 3.08 V                      ; 5.27e-08 V                  ; 3.23 V             ; -0.106 V           ; 0.46 V                              ; 0.281 V                             ; 3.06e-10 s                 ; 4.34e-10 s                 ; No                        ; Yes                       ;
; HEX3[3]         ; 3.3-V LVTTL  ; 0 s                 ; 0 s                 ; 3.08 V                       ; 5.27e-08 V                   ; 3.23 V              ; -0.107 V            ; 0.46 V                               ; 0.279 V                              ; 3.06e-10 s                  ; 4.34e-10 s                  ; No                         ; Yes                        ; 3.08 V                      ; 5.27e-08 V                  ; 3.23 V             ; -0.107 V           ; 0.46 V                              ; 0.279 V                             ; 3.06e-10 s                 ; 4.34e-10 s                 ; No                        ; Yes                       ;
; HEX3[4]         ; 3.3-V LVTTL  ; 0 s                 ; 0 s                 ; 3.08 V                       ; 5.27e-08 V                   ; 3.23 V              ; -0.107 V            ; 0.46 V                               ; 0.279 V                              ; 3.06e-10 s                  ; 4.34e-10 s                  ; No                         ; Yes                        ; 3.08 V                      ; 5.27e-08 V                  ; 3.23 V             ; -0.107 V           ; 0.46 V                              ; 0.279 V                             ; 3.06e-10 s                 ; 4.34e-10 s                 ; No                        ; Yes                       ;
; HEX3[5]         ; 3.3-V LVTTL  ; 0 s                 ; 0 s                 ; 3.08 V                       ; 5.27e-08 V                   ; 3.23 V              ; -0.106 V            ; 0.46 V                               ; 0.281 V                              ; 3.06e-10 s                  ; 4.34e-10 s                  ; No                         ; Yes                        ; 3.08 V                      ; 5.27e-08 V                  ; 3.23 V             ; -0.106 V           ; 0.46 V                              ; 0.281 V                             ; 3.06e-10 s                 ; 4.34e-10 s                 ; No                        ; Yes                       ;
; HEX3[6]         ; 3.3-V LVTTL  ; 0 s                 ; 0 s                 ; 3.08 V                       ; 5.27e-08 V                   ; 3.23 V              ; -0.106 V            ; 0.46 V                               ; 0.281 V                              ; 3.06e-10 s                  ; 4.34e-10 s                  ; No                         ; Yes                        ; 3.08 V                      ; 5.27e-08 V                  ; 3.23 V             ; -0.106 V           ; 0.46 V                              ; 0.281 V                             ; 3.06e-10 s                 ; 4.34e-10 s                 ; No                        ; Yes                       ;
; HEX3[7]         ; 3.3-V LVTTL  ; 0 s                 ; 0 s                 ; 3.08 V                       ; 5.27e-08 V                   ; 3.23 V              ; -0.107 V            ; 0.46 V                               ; 0.279 V                              ; 3.06e-10 s                  ; 4.34e-10 s                  ; No                         ; Yes                        ; 3.08 V                      ; 5.27e-08 V                  ; 3.23 V             ; -0.107 V           ; 0.46 V                              ; 0.279 V                             ; 3.06e-10 s                 ; 4.34e-10 s                 ; No                        ; Yes                       ;
; HEX4[0]         ; 3.3-V LVTTL  ; 0 s                 ; 0 s                 ; 3.08 V                       ; 5.27e-08 V                   ; 3.23 V              ; -0.106 V            ; 0.46 V                               ; 0.281 V                              ; 3.06e-10 s                  ; 4.34e-10 s                  ; No                         ; Yes                        ; 3.08 V                      ; 5.27e-08 V                  ; 3.23 V             ; -0.106 V           ; 0.46 V                              ; 0.281 V                             ; 3.06e-10 s                 ; 4.34e-10 s                 ; No                        ; Yes                       ;
; HEX4[1]         ; 3.3-V LVTTL  ; 0 s                 ; 0 s                 ; 3.08 V                       ; 5.27e-08 V                   ; 3.23 V              ; -0.106 V            ; 0.46 V                               ; 0.281 V                              ; 3.06e-10 s                  ; 4.34e-10 s                  ; No                         ; Yes                        ; 3.08 V                      ; 5.27e-08 V                  ; 3.23 V             ; -0.106 V           ; 0.46 V                              ; 0.281 V                             ; 3.06e-10 s                 ; 4.34e-10 s                 ; No                        ; Yes                       ;
; HEX4[2]         ; 3.3-V LVTTL  ; 0 s                 ; 0 s                 ; 3.08 V                       ; 5.27e-08 V                   ; 3.23 V              ; -0.107 V            ; 0.46 V                               ; 0.279 V                              ; 3.06e-10 s                  ; 4.34e-10 s                  ; No                         ; Yes                        ; 3.08 V                      ; 5.27e-08 V                  ; 3.23 V             ; -0.107 V           ; 0.46 V                              ; 0.279 V                             ; 3.06e-10 s                 ; 4.34e-10 s                 ; No                        ; Yes                       ;
; HEX4[3]         ; 3.3-V LVTTL  ; 0 s                 ; 0 s                 ; 3.08 V                       ; 5.27e-08 V                   ; 3.23 V              ; -0.106 V            ; 0.46 V                               ; 0.281 V                              ; 3.06e-10 s                  ; 4.34e-10 s                  ; No                         ; Yes                        ; 3.08 V                      ; 5.27e-08 V                  ; 3.23 V             ; -0.106 V           ; 0.46 V                              ; 0.281 V                             ; 3.06e-10 s                 ; 4.34e-10 s                 ; No                        ; Yes                       ;
; HEX4[4]         ; 3.3-V LVTTL  ; 0 s                 ; 0 s                 ; 3.08 V                       ; 5.27e-08 V                   ; 3.23 V              ; -0.107 V            ; 0.46 V                               ; 0.279 V                              ; 3.06e-10 s                  ; 4.34e-10 s                  ; No                         ; Yes                        ; 3.08 V                      ; 5.27e-08 V                  ; 3.23 V             ; -0.107 V           ; 0.46 V                              ; 0.279 V                             ; 3.06e-10 s                 ; 4.34e-10 s                 ; No                        ; Yes                       ;
; HEX4[5]         ; 3.3-V LVTTL  ; 0 s                 ; 0 s                 ; 3.08 V                       ; 5.27e-08 V                   ; 3.23 V              ; -0.107 V            ; 0.46 V                               ; 0.279 V                              ; 3.06e-10 s                  ; 4.34e-10 s                  ; No                         ; Yes                        ; 3.08 V                      ; 5.27e-08 V                  ; 3.23 V             ; -0.107 V           ; 0.46 V                              ; 0.279 V                             ; 3.06e-10 s                 ; 4.34e-10 s                 ; No                        ; Yes                       ;
; HEX4[6]         ; 3.3-V LVTTL  ; 0 s                 ; 0 s                 ; 3.08 V                       ; 5.27e-08 V                   ; 3.23 V              ; -0.106 V            ; 0.46 V                               ; 0.281 V                              ; 3.06e-10 s                  ; 4.34e-10 s                  ; No                         ; Yes                        ; 3.08 V                      ; 5.27e-08 V                  ; 3.23 V             ; -0.106 V           ; 0.46 V                              ; 0.281 V                             ; 3.06e-10 s                 ; 4.34e-10 s                 ; No                        ; Yes                       ;
; HEX4[7]         ; 3.3-V LVTTL  ; 0 s                 ; 0 s                 ; 3.08 V                       ; 5.27e-08 V                   ; 3.23 V              ; -0.107 V            ; 0.46 V                               ; 0.279 V                              ; 3.06e-10 s                  ; 4.34e-10 s                  ; No                         ; Yes                        ; 3.08 V                      ; 5.27e-08 V                  ; 3.23 V             ; -0.107 V           ; 0.46 V                              ; 0.279 V                             ; 3.06e-10 s                 ; 4.34e-10 s                 ; No                        ; Yes                       ;
; HEX5[0]         ; 3.3-V LVTTL  ; 0 s                 ; 0 s                 ; 3.08 V                       ; 5.27e-08 V                   ; 3.23 V              ; -0.107 V            ; 0.46 V                               ; 0.279 V                              ; 3.06e-10 s                  ; 4.34e-10 s                  ; No                         ; Yes                        ; 3.08 V                      ; 5.27e-08 V                  ; 3.23 V             ; -0.107 V           ; 0.46 V                              ; 0.279 V                             ; 3.06e-10 s                 ; 4.34e-10 s                 ; No                        ; Yes                       ;
; HEX5[1]         ; 3.3-V LVTTL  ; 0 s                 ; 0 s                 ; 3.08 V                       ; 5.27e-08 V                   ; 3.23 V              ; -0.106 V            ; 0.46 V                               ; 0.281 V                              ; 3.06e-10 s                  ; 4.34e-10 s                  ; No                         ; Yes                        ; 3.08 V                      ; 5.27e-08 V                  ; 3.23 V             ; -0.106 V           ; 0.46 V                              ; 0.281 V                             ; 3.06e-10 s                 ; 4.34e-10 s                 ; No                        ; Yes                       ;
; HEX5[2]         ; 3.3-V LVTTL  ; 0 s                 ; 0 s                 ; 3.08 V                       ; 5.27e-08 V                   ; 3.23 V              ; -0.106 V            ; 0.46 V                               ; 0.281 V                              ; 3.06e-10 s                  ; 4.34e-10 s                  ; No                         ; Yes                        ; 3.08 V                      ; 5.27e-08 V                  ; 3.23 V             ; -0.106 V           ; 0.46 V                              ; 0.281 V                             ; 3.06e-10 s                 ; 4.34e-10 s                 ; No                        ; Yes                       ;
; HEX5[3]         ; 3.3-V LVTTL  ; 0 s                 ; 0 s                 ; 3.08 V                       ; 5.27e-08 V                   ; 3.23 V              ; -0.107 V            ; 0.46 V                               ; 0.279 V                              ; 3.06e-10 s                  ; 4.34e-10 s                  ; No                         ; Yes                        ; 3.08 V                      ; 5.27e-08 V                  ; 3.23 V             ; -0.107 V           ; 0.46 V                              ; 0.279 V                             ; 3.06e-10 s                 ; 4.34e-10 s                 ; No                        ; Yes                       ;
; HEX5[4]         ; 3.3-V LVTTL  ; 0 s                 ; 0 s                 ; 3.08 V                       ; 5.27e-08 V                   ; 3.23 V              ; -0.107 V            ; 0.46 V                               ; 0.279 V                              ; 3.06e-10 s                  ; 4.34e-10 s                  ; No                         ; Yes                        ; 3.08 V                      ; 5.27e-08 V                  ; 3.23 V             ; -0.107 V           ; 0.46 V                              ; 0.279 V                             ; 3.06e-10 s                 ; 4.34e-10 s                 ; No                        ; Yes                       ;
; HEX5[5]         ; 3.3-V LVTTL  ; 0 s                 ; 0 s                 ; 3.08 V                       ; 5.27e-08 V                   ; 3.23 V              ; -0.106 V            ; 0.46 V                               ; 0.281 V                              ; 3.06e-10 s                  ; 4.34e-10 s                  ; No                         ; Yes                        ; 3.08 V                      ; 5.27e-08 V                  ; 3.23 V             ; -0.106 V           ; 0.46 V                              ; 0.281 V                             ; 3.06e-10 s                 ; 4.34e-10 s                 ; No                        ; Yes                       ;
; HEX5[6]         ; 3.3-V LVTTL  ; 0 s                 ; 0 s                 ; 3.08 V                       ; 5.27e-08 V                   ; 3.23 V              ; -0.106 V            ; 0.46 V                               ; 0.281 V                              ; 3.06e-10 s                  ; 4.34e-10 s                  ; No                         ; Yes                        ; 3.08 V                      ; 5.27e-08 V                  ; 3.23 V             ; -0.106 V           ; 0.46 V                              ; 0.281 V                             ; 3.06e-10 s                 ; 4.34e-10 s                 ; No                        ; Yes                       ;
; HEX5[7]         ; 3.3-V LVTTL  ; 0 s                 ; 0 s                 ; 3.08 V                       ; 5.27e-08 V                   ; 3.23 V              ; -0.107 V            ; 0.46 V                               ; 0.279 V                              ; 3.06e-10 s                  ; 4.34e-10 s                  ; No                         ; Yes                        ; 3.08 V                      ; 5.27e-08 V                  ; 3.23 V             ; -0.107 V           ; 0.46 V                              ; 0.279 V                             ; 3.06e-10 s                 ; 4.34e-10 s                 ; No                        ; Yes                       ;
; LEDR[0]         ; 3.3-V LVTTL  ; 0 s                 ; 0 s                 ; 3.08 V                       ; 5.27e-08 V                   ; 3.23 V              ; -0.106 V            ; 0.46 V                               ; 0.281 V                              ; 3.06e-10 s                  ; 4.34e-10 s                  ; No                         ; Yes                        ; 3.08 V                      ; 5.27e-08 V                  ; 3.23 V             ; -0.106 V           ; 0.46 V                              ; 0.281 V                             ; 3.06e-10 s                 ; 4.34e-10 s                 ; No                        ; Yes                       ;
; LEDR[1]         ; 3.3-V LVTTL  ; 0 s                 ; 0 s                 ; 3.08 V                       ; 5.27e-08 V                   ; 3.23 V              ; -0.107 V            ; 0.46 V                               ; 0.279 V                              ; 3.06e-10 s                  ; 4.34e-10 s                  ; No                         ; Yes                        ; 3.08 V                      ; 5.27e-08 V                  ; 3.23 V             ; -0.107 V           ; 0.46 V                              ; 0.279 V                             ; 3.06e-10 s                 ; 4.34e-10 s                 ; No                        ; Yes                       ;
; LEDR[2]         ; 3.3-V LVTTL  ; 0 s                 ; 0 s                 ; 3.08 V                       ; 5.27e-08 V                   ; 3.23 V              ; -0.106 V            ; 0.46 V                               ; 0.281 V                              ; 3.06e-10 s                  ; 4.34e-10 s                  ; No                         ; Yes                        ; 3.08 V                      ; 5.27e-08 V                  ; 3.23 V             ; -0.106 V           ; 0.46 V                              ; 0.281 V                             ; 3.06e-10 s                 ; 4.34e-10 s                 ; No                        ; Yes                       ;
; LEDR[3]         ; 3.3-V LVTTL  ; 0 s                 ; 0 s                 ; 3.08 V                       ; 5.27e-08 V                   ; 3.23 V              ; -0.107 V            ; 0.46 V                               ; 0.279 V                              ; 3.06e-10 s                  ; 4.34e-10 s                  ; No                         ; Yes                        ; 3.08 V                      ; 5.27e-08 V                  ; 3.23 V             ; -0.107 V           ; 0.46 V                              ; 0.279 V                             ; 3.06e-10 s                 ; 4.34e-10 s                 ; No                        ; Yes                       ;
; LEDR[4]         ; 3.3-V LVTTL  ; 0 s                 ; 0 s                 ; 3.08 V                       ; 5.27e-08 V                   ; 3.23 V              ; -0.106 V            ; 0.46 V                               ; 0.281 V                              ; 3.06e-10 s                  ; 4.34e-10 s                  ; No                         ; Yes                        ; 3.08 V                      ; 5.27e-08 V                  ; 3.23 V             ; -0.106 V           ; 0.46 V                              ; 0.281 V                             ; 3.06e-10 s                 ; 4.34e-10 s                 ; No                        ; Yes                       ;
; LEDR[5]         ; 3.3-V LVTTL  ; 0 s                 ; 0 s                 ; 3.08 V                       ; 5.27e-08 V                   ; 3.23 V              ; -0.106 V            ; 0.46 V                               ; 0.281 V                              ; 3.06e-10 s                  ; 4.34e-10 s                  ; No                         ; Yes                        ; 3.08 V                      ; 5.27e-08 V                  ; 3.23 V             ; -0.106 V           ; 0.46 V                              ; 0.281 V                             ; 3.06e-10 s                 ; 4.34e-10 s                 ; No                        ; Yes                       ;
; LEDR[6]         ; 3.3-V LVTTL  ; 0 s                 ; 0 s                 ; 3.08 V                       ; 5.27e-08 V                   ; 3.23 V              ; -0.106 V            ; 0.46 V                               ; 0.281 V                              ; 3.06e-10 s                  ; 4.34e-10 s                  ; No                         ; Yes                        ; 3.08 V                      ; 5.27e-08 V                  ; 3.23 V             ; -0.106 V           ; 0.46 V                              ; 0.281 V                             ; 3.06e-10 s                 ; 4.34e-10 s                 ; No                        ; Yes                       ;
; LEDR[7]         ; 3.3-V LVTTL  ; 0 s                 ; 0 s                 ; 3.08 V                       ; 5.27e-08 V                   ; 3.23 V              ; -0.107 V            ; 0.46 V                               ; 0.279 V                              ; 3.06e-10 s                  ; 4.34e-10 s                  ; No                         ; Yes                        ; 3.08 V                      ; 5.27e-08 V                  ; 3.23 V             ; -0.107 V           ; 0.46 V                              ; 0.279 V                             ; 3.06e-10 s                 ; 4.34e-10 s                 ; No                        ; Yes                       ;
; LEDR[8]         ; 3.3-V LVTTL  ; 0 s                 ; 0 s                 ; 3.08 V                       ; 5.27e-08 V                   ; 3.23 V              ; -0.107 V            ; 0.46 V                               ; 0.279 V                              ; 3.06e-10 s                  ; 4.34e-10 s                  ; No                         ; Yes                        ; 3.08 V                      ; 5.27e-08 V                  ; 3.23 V             ; -0.107 V           ; 0.46 V                              ; 0.279 V                             ; 3.06e-10 s                 ; 4.34e-10 s                 ; No                        ; Yes                       ;
; LEDR[9]         ; 3.3-V LVTTL  ; 0 s                 ; 0 s                 ; 3.08 V                       ; 5.27e-08 V                   ; 3.23 V              ; -0.106 V            ; 0.46 V                               ; 0.281 V                              ; 3.06e-10 s                  ; 4.34e-10 s                  ; No                         ; Yes                        ; 3.08 V                      ; 5.27e-08 V                  ; 3.23 V             ; -0.106 V           ; 0.46 V                              ; 0.281 V                             ; 3.06e-10 s                 ; 4.34e-10 s                 ; No                        ; Yes                       ;
; GPIO_35         ; 3.3-V LVTTL  ; 0 s                 ; 0 s                 ; 3.08 V                       ; 5.27e-08 V                   ; 3.23 V              ; -0.107 V            ; 0.46 V                               ; 0.279 V                              ; 3.06e-10 s                  ; 4.34e-10 s                  ; No                         ; Yes                        ; 3.08 V                      ; 5.27e-08 V                  ; 3.23 V             ; -0.107 V           ; 0.46 V                              ; 0.279 V                             ; 3.06e-10 s                 ; 4.34e-10 s                 ; No                        ; Yes                       ;
; ARDUINO_IO[0]   ; 3.3-V LVTTL  ; 0 s                 ; 0 s                 ; 3.08 V                       ; 5.27e-08 V                   ; 3.23 V              ; -0.107 V            ; 0.46 V                               ; 0.279 V                              ; 3.06e-10 s                  ; 4.34e-10 s                  ; No                         ; Yes                        ; 3.08 V                      ; 5.27e-08 V                  ; 3.23 V             ; -0.107 V           ; 0.46 V                              ; 0.279 V                             ; 3.06e-10 s                 ; 4.34e-10 s                 ; No                        ; Yes                       ;
; ARDUINO_IO[1]   ; 3.3-V LVTTL  ; 0 s                 ; 0 s                 ; 3.08 V                       ; 5.27e-08 V                   ; 3.23 V              ; -0.106 V            ; 0.46 V                               ; 0.281 V                              ; 3.06e-10 s                  ; 4.34e-10 s                  ; No                         ; Yes                        ; 3.08 V                      ; 5.27e-08 V                  ; 3.23 V             ; -0.106 V           ; 0.46 V                              ; 0.281 V                             ; 3.06e-10 s                 ; 4.34e-10 s                 ; No                        ; Yes                       ;
; ARDUINO_IO[2]   ; 3.3-V LVTTL  ; 0 s                 ; 0 s                 ; 3.08 V                       ; 5.27e-08 V                   ; 3.23 V              ; -0.107 V            ; 0.46 V                               ; 0.279 V                              ; 3.06e-10 s                  ; 4.34e-10 s                  ; No                         ; Yes                        ; 3.08 V                      ; 5.27e-08 V                  ; 3.23 V             ; -0.107 V           ; 0.46 V                              ; 0.279 V                             ; 3.06e-10 s                 ; 4.34e-10 s                 ; No                        ; Yes                       ;
; ARDUINO_IO[3]   ; 3.3-V LVTTL  ; 0 s                 ; 0 s                 ; 3.08 V                       ; 5.27e-08 V                   ; 3.23 V              ; -0.107 V            ; 0.46 V                               ; 0.279 V                              ; 3.06e-10 s                  ; 4.34e-10 s                  ; No                         ; Yes                        ; 3.08 V                      ; 5.27e-08 V                  ; 3.23 V             ; -0.107 V           ; 0.46 V                              ; 0.279 V                             ; 3.06e-10 s                 ; 4.34e-10 s                 ; No                        ; Yes                       ;
; ARDUINO_IO[4]   ; 3.3-V LVTTL  ; 0 s                 ; 0 s                 ; 3.08 V                       ; 5.27e-08 V                   ; 3.23 V              ; -0.107 V            ; 0.46 V                               ; 0.279 V                              ; 3.06e-10 s                  ; 4.34e-10 s                  ; No                         ; Yes                        ; 3.08 V                      ; 5.27e-08 V                  ; 3.23 V             ; -0.107 V           ; 0.46 V                              ; 0.279 V                             ; 3.06e-10 s                 ; 4.34e-10 s                 ; No                        ; Yes                       ;
; ARDUINO_IO[5]   ; 3.3-V LVTTL  ; 0 s                 ; 0 s                 ; 3.08 V                       ; 5.27e-08 V                   ; 3.22 V              ; -0.0937 V           ; 0.265 V                              ; 0.351 V                              ; 4.55e-10 s                  ; 4.64e-10 s                  ; No                         ; No                         ; 3.08 V                      ; 5.27e-08 V                  ; 3.22 V             ; -0.0937 V          ; 0.265 V                             ; 0.351 V                             ; 4.55e-10 s                 ; 4.64e-10 s                 ; No                        ; No                        ;
; ARDUINO_IO[6]   ; 3.3-V LVTTL  ; 0 s                 ; 0 s                 ; 3.08 V                       ; 5.27e-08 V                   ; 3.22 V              ; -0.0937 V           ; 0.265 V                              ; 0.351 V                              ; 4.55e-10 s                  ; 4.64e-10 s                  ; No                         ; No                         ; 3.08 V                      ; 5.27e-08 V                  ; 3.22 V             ; -0.0937 V          ; 0.265 V                             ; 0.351 V                             ; 4.55e-10 s                 ; 4.64e-10 s                 ; No                        ; No                        ;
; ARDUINO_IO[7]   ; 3.3-V LVTTL  ; 0 s                 ; 0 s                 ; 3.08 V                       ; 5.27e-08 V                   ; 3.22 V              ; -0.0943 V           ; 0.264 V                              ; 0.35 V                               ; 4.56e-10 s                  ; 4.63e-10 s                  ; No                         ; No                         ; 3.08 V                      ; 5.27e-08 V                  ; 3.22 V             ; -0.0943 V          ; 0.264 V                             ; 0.35 V                              ; 4.56e-10 s                 ; 4.63e-10 s                 ; No                        ; No                        ;
; ARDUINO_IO[8]   ; 3.3-V LVTTL  ; 0 s                 ; 0 s                 ; 3.08 V                       ; 5.27e-08 V                   ; 3.23 V              ; -0.106 V            ; 0.46 V                               ; 0.281 V                              ; 3.06e-10 s                  ; 4.34e-10 s                  ; No                         ; Yes                        ; 3.08 V                      ; 5.27e-08 V                  ; 3.23 V             ; -0.106 V           ; 0.46 V                              ; 0.281 V                             ; 3.06e-10 s                 ; 4.34e-10 s                 ; No                        ; Yes                       ;
; ARDUINO_IO[9]   ; 3.3-V LVTTL  ; 0 s                 ; 0 s                 ; 3.08 V                       ; 5.27e-08 V                   ; 3.22 V              ; -0.0937 V           ; 0.265 V                              ; 0.351 V                              ; 4.55e-10 s                  ; 4.64e-10 s                  ; No                         ; No                         ; 3.08 V                      ; 5.27e-08 V                  ; 3.22 V             ; -0.0937 V          ; 0.265 V                             ; 0.351 V                             ; 4.55e-10 s                 ; 4.64e-10 s                 ; No                        ; No                        ;
; ARDUINO_IO[10]  ; 3.3-V LVTTL  ; 0 s                 ; 0 s                 ; 3.08 V                       ; 5.27e-08 V                   ; 3.23 V              ; -0.106 V            ; 0.46 V                               ; 0.281 V                              ; 3.06e-10 s                  ; 4.34e-10 s                  ; No                         ; Yes                        ; 3.08 V                      ; 5.27e-08 V                  ; 3.23 V             ; -0.106 V           ; 0.46 V                              ; 0.281 V                             ; 3.06e-10 s                 ; 4.34e-10 s                 ; No                        ; Yes                       ;
; ARDUINO_IO[11]  ; 3.3-V LVTTL  ; 0 s                 ; 0 s                 ; 3.08 V                       ; 5.27e-08 V                   ; 3.23 V              ; -0.106 V            ; 0.46 V                               ; 0.281 V                              ; 3.06e-10 s                  ; 4.34e-10 s                  ; No                         ; Yes                        ; 3.08 V                      ; 5.27e-08 V                  ; 3.23 V             ; -0.106 V           ; 0.46 V                              ; 0.281 V                             ; 3.06e-10 s                 ; 4.34e-10 s                 ; No                        ; Yes                       ;
; ARDUINO_IO[12]  ; 3.3-V LVTTL  ; 0 s                 ; 0 s                 ; 3.08 V                       ; 5.27e-08 V                   ; 3.22 V              ; -0.0937 V           ; 0.265 V                              ; 0.351 V                              ; 4.55e-10 s                  ; 4.64e-10 s                  ; No                         ; No                         ; 3.08 V                      ; 5.27e-08 V                  ; 3.22 V             ; -0.0937 V          ; 0.265 V                             ; 0.351 V                             ; 4.55e-10 s                 ; 4.64e-10 s                 ; No                        ; No                        ;
; ARDUINO_IO[13]  ; 3.3-V LVTTL  ; 0 s                 ; 0 s                 ; 3.08 V                       ; 5.27e-08 V                   ; 3.23 V              ; -0.107 V            ; 0.46 V                               ; 0.279 V                              ; 3.06e-10 s                  ; 4.34e-10 s                  ; No                         ; Yes                        ; 3.08 V                      ; 5.27e-08 V                  ; 3.23 V             ; -0.107 V           ; 0.46 V                              ; 0.279 V                             ; 3.06e-10 s                 ; 4.34e-10 s                 ; No                        ; Yes                       ;
; ARDUINO_IO[14]  ; 3.3-V LVTTL  ; 0 s                 ; 0 s                 ; 3.08 V                       ; 5.27e-08 V                   ; 3.23 V              ; -0.106 V            ; 0.46 V                               ; 0.281 V                              ; 3.06e-10 s                  ; 4.34e-10 s                  ; No                         ; Yes                        ; 3.08 V                      ; 5.27e-08 V                  ; 3.23 V             ; -0.106 V           ; 0.46 V                              ; 0.281 V                             ; 3.06e-10 s                 ; 4.34e-10 s                 ; No                        ; Yes                       ;
; ARDUINO_IO[15]  ; 3.3-V LVTTL  ; 0 s                 ; 0 s                 ; 3.08 V                       ; 5.27e-08 V                   ; 3.23 V              ; -0.107 V            ; 0.46 V                               ; 0.279 V                              ; 3.06e-10 s                  ; 4.34e-10 s                  ; No                         ; Yes                        ; 3.08 V                      ; 5.27e-08 V                  ; 3.23 V             ; -0.107 V           ; 0.46 V                              ; 0.279 V                             ; 3.06e-10 s                 ; 4.34e-10 s                 ; No                        ; Yes                       ;
; ARDUINO_RESET_N ; 3.3-V LVTTL  ; 0 s                 ; 0 s                 ; 3.08 V                       ; 5.27e-08 V                   ; 3.23 V              ; -0.107 V            ; 0.46 V                               ; 0.279 V                              ; 3.06e-10 s                  ; 4.34e-10 s                  ; No                         ; Yes                        ; 3.08 V                      ; 5.27e-08 V                  ; 3.23 V             ; -0.107 V           ; 0.46 V                              ; 0.279 V                             ; 3.06e-10 s                 ; 4.34e-10 s                 ; No                        ; Yes                       ;
; ~ALTERA_TDO~    ; 2.5 V        ; 0 s                 ; 0 s                 ; 2.32 V                       ; 1.97e-08 V                   ; 2.4 V               ; -0.023 V            ; 0.201 V                              ; 0.081 V                              ; 4.59e-10 s                  ; 5.51e-10 s                  ; No                         ; Yes                        ; 2.32 V                      ; 1.97e-08 V                  ; 2.4 V              ; -0.023 V           ; 0.201 V                             ; 0.081 V                             ; 4.59e-10 s                 ; 5.51e-10 s                 ; No                        ; Yes                       ;
+-----------------+--------------+---------------------+---------------------+------------------------------+------------------------------+---------------------+---------------------+--------------------------------------+--------------------------------------+-----------------------------+-----------------------------+----------------------------+----------------------------+-----------------------------+-----------------------------+--------------------+--------------------+-------------------------------------+-------------------------------------+----------------------------+----------------------------+---------------------------+---------------------------+


+----------------------------------------------------------------------------------------------------------------------------------------------------------------------------------------------------------------------------------------------------------------------------------------------------------------------------------------------------------------------------------------------------------------------------------------------------------------------------------------------------------------------------------------------------------------------------------------------------------------------------------------------------------------------------------------------+
; Signal Integrity Metrics (Slow 1200mv 85c Model)                                                                                                                                                                                                                                                                                                                                                                                                                                                                                                                                                                                                                                             ;
+-----------------+--------------+---------------------+---------------------+------------------------------+------------------------------+---------------------+---------------------+--------------------------------------+--------------------------------------+-----------------------------+-----------------------------+----------------------------+----------------------------+-----------------------------+-----------------------------+--------------------+--------------------+-------------------------------------+-------------------------------------+----------------------------+----------------------------+---------------------------+---------------------------+
; Pin             ; I/O Standard ; Board Delay on Rise ; Board Delay on Fall ; Steady State Voh at FPGA Pin ; Steady State Vol at FPGA Pin ; Voh Max at FPGA Pin ; Vol Min at FPGA Pin ; Ringback Voltage on Rise at FPGA Pin ; Ringback Voltage on Fall at FPGA Pin ; 10-90 Rise Time at FPGA Pin ; 90-10 Fall Time at FPGA Pin ; Monotonic Rise at FPGA Pin ; Monotonic Fall at FPGA Pin ; Steady State Voh at Far-end ; Steady State Vol at Far-end ; Voh Max at Far-end ; Vol Min at Far-end ; Ringback Voltage on Rise at Far-end ; Ringback Voltage on Fall at Far-end ; 10-90 Rise Time at Far-end ; 90-10 Fall Time at Far-end ; Monotonic Rise at Far-end ; Monotonic Fall at Far-end ;
+-----------------+--------------+---------------------+---------------------+------------------------------+------------------------------+---------------------+---------------------+--------------------------------------+--------------------------------------+-----------------------------+-----------------------------+----------------------------+----------------------------+-----------------------------+-----------------------------+--------------------+--------------------+-------------------------------------+-------------------------------------+----------------------------+----------------------------+---------------------------+---------------------------+
; HEX0[0]         ; 3.3-V LVTTL  ; 0 s                 ; 0 s                 ; 3.08 V                       ; 5.35e-06 V                   ; 3.17 V              ; -0.0592 V           ; 0.248 V                              ; 0.172 V                              ; 4.61e-10 s                  ; 6e-10 s                     ; No                         ; No                         ; 3.08 V                      ; 5.35e-06 V                  ; 3.17 V             ; -0.0592 V          ; 0.248 V                             ; 0.172 V                             ; 4.61e-10 s                 ; 6e-10 s                    ; No                        ; No                        ;
; HEX0[1]         ; 3.3-V LVTTL  ; 0 s                 ; 0 s                 ; 3.08 V                       ; 5.35e-06 V                   ; 3.17 V              ; -0.0587 V           ; 0.248 V                              ; 0.173 V                              ; 4.61e-10 s                  ; 6e-10 s                     ; No                         ; No                         ; 3.08 V                      ; 5.35e-06 V                  ; 3.17 V             ; -0.0587 V          ; 0.248 V                             ; 0.173 V                             ; 4.61e-10 s                 ; 6e-10 s                    ; No                        ; No                        ;
; HEX0[2]         ; 3.3-V LVTTL  ; 0 s                 ; 0 s                 ; 3.08 V                       ; 5.35e-06 V                   ; 3.17 V              ; -0.0587 V           ; 0.248 V                              ; 0.173 V                              ; 4.61e-10 s                  ; 6e-10 s                     ; No                         ; No                         ; 3.08 V                      ; 5.35e-06 V                  ; 3.17 V             ; -0.0587 V          ; 0.248 V                             ; 0.173 V                             ; 4.61e-10 s                 ; 6e-10 s                    ; No                        ; No                        ;
; HEX0[3]         ; 3.3-V LVTTL  ; 0 s                 ; 0 s                 ; 3.08 V                       ; 5.35e-06 V                   ; 3.17 V              ; -0.0592 V           ; 0.248 V                              ; 0.172 V                              ; 4.61e-10 s                  ; 6e-10 s                     ; No                         ; No                         ; 3.08 V                      ; 5.35e-06 V                  ; 3.17 V             ; -0.0592 V          ; 0.248 V                             ; 0.172 V                             ; 4.61e-10 s                 ; 6e-10 s                    ; No                        ; No                        ;
; HEX0[4]         ; 3.3-V LVTTL  ; 0 s                 ; 0 s                 ; 3.08 V                       ; 5.35e-06 V                   ; 3.17 V              ; -0.0592 V           ; 0.248 V                              ; 0.172 V                              ; 4.61e-10 s                  ; 6e-10 s                     ; No                         ; No                         ; 3.08 V                      ; 5.35e-06 V                  ; 3.17 V             ; -0.0592 V          ; 0.248 V                             ; 0.172 V                             ; 4.61e-10 s                 ; 6e-10 s                    ; No                        ; No                        ;
; HEX0[5]         ; 3.3-V LVTTL  ; 0 s                 ; 0 s                 ; 3.08 V                       ; 5.35e-06 V                   ; 3.17 V              ; -0.0592 V           ; 0.248 V                              ; 0.172 V                              ; 4.61e-10 s                  ; 6e-10 s                     ; No                         ; No                         ; 3.08 V                      ; 5.35e-06 V                  ; 3.17 V             ; -0.0592 V          ; 0.248 V                             ; 0.172 V                             ; 4.61e-10 s                 ; 6e-10 s                    ; No                        ; No                        ;
; HEX0[6]         ; 3.3-V LVTTL  ; 0 s                 ; 0 s                 ; 3.08 V                       ; 5.35e-06 V                   ; 3.17 V              ; -0.0587 V           ; 0.248 V                              ; 0.173 V                              ; 4.61e-10 s                  ; 6e-10 s                     ; No                         ; No                         ; 3.08 V                      ; 5.35e-06 V                  ; 3.17 V             ; -0.0587 V          ; 0.248 V                             ; 0.173 V                             ; 4.61e-10 s                 ; 6e-10 s                    ; No                        ; No                        ;
; HEX0[7]         ; 3.3-V LVTTL  ; 0 s                 ; 0 s                 ; 3.08 V                       ; 5.35e-06 V                   ; 3.17 V              ; -0.0592 V           ; 0.248 V                              ; 0.172 V                              ; 4.61e-10 s                  ; 6e-10 s                     ; No                         ; No                         ; 3.08 V                      ; 5.35e-06 V                  ; 3.17 V             ; -0.0592 V          ; 0.248 V                             ; 0.172 V                             ; 4.61e-10 s                 ; 6e-10 s                    ; No                        ; No                        ;
; HEX1[0]         ; 3.3-V LVTTL  ; 0 s                 ; 0 s                 ; 3.08 V                       ; 5.35e-06 V                   ; 3.17 V              ; -0.0592 V           ; 0.248 V                              ; 0.172 V                              ; 4.61e-10 s                  ; 6e-10 s                     ; No                         ; No                         ; 3.08 V                      ; 5.35e-06 V                  ; 3.17 V             ; -0.0592 V          ; 0.248 V                             ; 0.172 V                             ; 4.61e-10 s                 ; 6e-10 s                    ; No                        ; No                        ;
; HEX1[1]         ; 3.3-V LVTTL  ; 0 s                 ; 0 s                 ; 3.08 V                       ; 5.35e-06 V                   ; 3.17 V              ; -0.0592 V           ; 0.248 V                              ; 0.172 V                              ; 4.61e-10 s                  ; 6e-10 s                     ; No                         ; No                         ; 3.08 V                      ; 5.35e-06 V                  ; 3.17 V             ; -0.0592 V          ; 0.248 V                             ; 0.172 V                             ; 4.61e-10 s                 ; 6e-10 s                    ; No                        ; No                        ;
; HEX1[2]         ; 3.3-V LVTTL  ; 0 s                 ; 0 s                 ; 3.08 V                       ; 5.35e-06 V                   ; 3.17 V              ; -0.0587 V           ; 0.248 V                              ; 0.173 V                              ; 4.61e-10 s                  ; 6e-10 s                     ; No                         ; No                         ; 3.08 V                      ; 5.35e-06 V                  ; 3.17 V             ; -0.0587 V          ; 0.248 V                             ; 0.173 V                             ; 4.61e-10 s                 ; 6e-10 s                    ; No                        ; No                        ;
; HEX1[3]         ; 3.3-V LVTTL  ; 0 s                 ; 0 s                 ; 3.08 V                       ; 5.35e-06 V                   ; 3.17 V              ; -0.0592 V           ; 0.248 V                              ; 0.172 V                              ; 4.61e-10 s                  ; 6e-10 s                     ; No                         ; No                         ; 3.08 V                      ; 5.35e-06 V                  ; 3.17 V             ; -0.0592 V          ; 0.248 V                             ; 0.172 V                             ; 4.61e-10 s                 ; 6e-10 s                    ; No                        ; No                        ;
; HEX1[4]         ; 3.3-V LVTTL  ; 0 s                 ; 0 s                 ; 3.08 V                       ; 5.35e-06 V                   ; 3.17 V              ; -0.0587 V           ; 0.248 V                              ; 0.173 V                              ; 4.61e-10 s                  ; 6e-10 s                     ; No                         ; No                         ; 3.08 V                      ; 5.35e-06 V                  ; 3.17 V             ; -0.0587 V          ; 0.248 V                             ; 0.173 V                             ; 4.61e-10 s                 ; 6e-10 s                    ; No                        ; No                        ;
; HEX1[5]         ; 3.3-V LVTTL  ; 0 s                 ; 0 s                 ; 3.08 V                       ; 5.35e-06 V                   ; 3.17 V              ; -0.0592 V           ; 0.248 V                              ; 0.172 V                              ; 4.61e-10 s                  ; 6e-10 s                     ; No                         ; No                         ; 3.08 V                      ; 5.35e-06 V                  ; 3.17 V             ; -0.0592 V          ; 0.248 V                             ; 0.172 V                             ; 4.61e-10 s                 ; 6e-10 s                    ; No                        ; No                        ;
; HEX1[6]         ; 3.3-V LVTTL  ; 0 s                 ; 0 s                 ; 3.08 V                       ; 5.35e-06 V                   ; 3.17 V              ; -0.0587 V           ; 0.248 V                              ; 0.173 V                              ; 4.61e-10 s                  ; 6e-10 s                     ; No                         ; No                         ; 3.08 V                      ; 5.35e-06 V                  ; 3.17 V             ; -0.0587 V          ; 0.248 V                             ; 0.173 V                             ; 4.61e-10 s                 ; 6e-10 s                    ; No                        ; No                        ;
; HEX1[7]         ; 3.3-V LVTTL  ; 0 s                 ; 0 s                 ; 3.08 V                       ; 5.35e-06 V                   ; 3.17 V              ; -0.0587 V           ; 0.248 V                              ; 0.173 V                              ; 4.61e-10 s                  ; 6e-10 s                     ; No                         ; No                         ; 3.08 V                      ; 5.35e-06 V                  ; 3.17 V             ; -0.0587 V          ; 0.248 V                             ; 0.173 V                             ; 4.61e-10 s                 ; 6e-10 s                    ; No                        ; No                        ;
; HEX2[0]         ; 3.3-V LVTTL  ; 0 s                 ; 0 s                 ; 3.08 V                       ; 5.35e-06 V                   ; 3.17 V              ; -0.0592 V           ; 0.248 V                              ; 0.172 V                              ; 4.61e-10 s                  ; 6e-10 s                     ; No                         ; No                         ; 3.08 V                      ; 5.35e-06 V                  ; 3.17 V             ; -0.0592 V          ; 0.248 V                             ; 0.172 V                             ; 4.61e-10 s                 ; 6e-10 s                    ; No                        ; No                        ;
; HEX2[1]         ; 3.3-V LVTTL  ; 0 s                 ; 0 s                 ; 3.08 V                       ; 5.35e-06 V                   ; 3.17 V              ; -0.0592 V           ; 0.248 V                              ; 0.172 V                              ; 4.61e-10 s                  ; 6e-10 s                     ; No                         ; No                         ; 3.08 V                      ; 5.35e-06 V                  ; 3.17 V             ; -0.0592 V          ; 0.248 V                             ; 0.172 V                             ; 4.61e-10 s                 ; 6e-10 s                    ; No                        ; No                        ;
; HEX2[2]         ; 3.3-V LVTTL  ; 0 s                 ; 0 s                 ; 3.08 V                       ; 5.35e-06 V                   ; 3.17 V              ; -0.0587 V           ; 0.248 V                              ; 0.173 V                              ; 4.61e-10 s                  ; 6e-10 s                     ; No                         ; No                         ; 3.08 V                      ; 5.35e-06 V                  ; 3.17 V             ; -0.0587 V          ; 0.248 V                             ; 0.173 V                             ; 4.61e-10 s                 ; 6e-10 s                    ; No                        ; No                        ;
; HEX2[3]         ; 3.3-V LVTTL  ; 0 s                 ; 0 s                 ; 3.08 V                       ; 5.35e-06 V                   ; 3.17 V              ; -0.0587 V           ; 0.248 V                              ; 0.173 V                              ; 4.61e-10 s                  ; 6e-10 s                     ; No                         ; No                         ; 3.08 V                      ; 5.35e-06 V                  ; 3.17 V             ; -0.0587 V          ; 0.248 V                             ; 0.173 V                             ; 4.61e-10 s                 ; 6e-10 s                    ; No                        ; No                        ;
; HEX2[4]         ; 3.3-V LVTTL  ; 0 s                 ; 0 s                 ; 3.08 V                       ; 5.35e-06 V                   ; 3.17 V              ; -0.0587 V           ; 0.248 V                              ; 0.173 V                              ; 4.61e-10 s                  ; 6e-10 s                     ; No                         ; No                         ; 3.08 V                      ; 5.35e-06 V                  ; 3.17 V             ; -0.0587 V          ; 0.248 V                             ; 0.173 V                             ; 4.61e-10 s                 ; 6e-10 s                    ; No                        ; No                        ;
; HEX2[5]         ; 3.3-V LVTTL  ; 0 s                 ; 0 s                 ; 3.08 V                       ; 5.35e-06 V                   ; 3.17 V              ; -0.0587 V           ; 0.248 V                              ; 0.173 V                              ; 4.61e-10 s                  ; 6e-10 s                     ; No                         ; No                         ; 3.08 V                      ; 5.35e-06 V                  ; 3.17 V             ; -0.0587 V          ; 0.248 V                             ; 0.173 V                             ; 4.61e-10 s                 ; 6e-10 s                    ; No                        ; No                        ;
; HEX2[6]         ; 3.3-V LVTTL  ; 0 s                 ; 0 s                 ; 3.08 V                       ; 5.35e-06 V                   ; 3.17 V              ; -0.0592 V           ; 0.248 V                              ; 0.172 V                              ; 4.61e-10 s                  ; 6e-10 s                     ; No                         ; No                         ; 3.08 V                      ; 5.35e-06 V                  ; 3.17 V             ; -0.0592 V          ; 0.248 V                             ; 0.172 V                             ; 4.61e-10 s                 ; 6e-10 s                    ; No                        ; No                        ;
; HEX2[7]         ; 3.3-V LVTTL  ; 0 s                 ; 0 s                 ; 3.08 V                       ; 5.35e-06 V                   ; 3.17 V              ; -0.0587 V           ; 0.248 V                              ; 0.173 V                              ; 4.61e-10 s                  ; 6e-10 s                     ; No                         ; No                         ; 3.08 V                      ; 5.35e-06 V                  ; 3.17 V             ; -0.0587 V          ; 0.248 V                             ; 0.173 V                             ; 4.61e-10 s                 ; 6e-10 s                    ; No                        ; No                        ;
; HEX3[0]         ; 3.3-V LVTTL  ; 0 s                 ; 0 s                 ; 3.08 V                       ; 5.35e-06 V                   ; 3.17 V              ; -0.0592 V           ; 0.248 V                              ; 0.172 V                              ; 4.61e-10 s                  ; 6e-10 s                     ; No                         ; No                         ; 3.08 V                      ; 5.35e-06 V                  ; 3.17 V             ; -0.0592 V          ; 0.248 V                             ; 0.172 V                             ; 4.61e-10 s                 ; 6e-10 s                    ; No                        ; No                        ;
; HEX3[1]         ; 3.3-V LVTTL  ; 0 s                 ; 0 s                 ; 3.08 V                       ; 5.35e-06 V                   ; 3.17 V              ; -0.0592 V           ; 0.248 V                              ; 0.172 V                              ; 4.61e-10 s                  ; 6e-10 s                     ; No                         ; No                         ; 3.08 V                      ; 5.35e-06 V                  ; 3.17 V             ; -0.0592 V          ; 0.248 V                             ; 0.172 V                             ; 4.61e-10 s                 ; 6e-10 s                    ; No                        ; No                        ;
; HEX3[2]         ; 3.3-V LVTTL  ; 0 s                 ; 0 s                 ; 3.08 V                       ; 5.35e-06 V                   ; 3.17 V              ; -0.0587 V           ; 0.248 V                              ; 0.173 V                              ; 4.61e-10 s                  ; 6e-10 s                     ; No                         ; No                         ; 3.08 V                      ; 5.35e-06 V                  ; 3.17 V             ; -0.0587 V          ; 0.248 V                             ; 0.173 V                             ; 4.61e-10 s                 ; 6e-10 s                    ; No                        ; No                        ;
; HEX3[3]         ; 3.3-V LVTTL  ; 0 s                 ; 0 s                 ; 3.08 V                       ; 5.35e-06 V                   ; 3.17 V              ; -0.0592 V           ; 0.248 V                              ; 0.172 V                              ; 4.61e-10 s                  ; 6e-10 s                     ; No                         ; No                         ; 3.08 V                      ; 5.35e-06 V                  ; 3.17 V             ; -0.0592 V          ; 0.248 V                             ; 0.172 V                             ; 4.61e-10 s                 ; 6e-10 s                    ; No                        ; No                        ;
; HEX3[4]         ; 3.3-V LVTTL  ; 0 s                 ; 0 s                 ; 3.08 V                       ; 5.35e-06 V                   ; 3.17 V              ; -0.0592 V           ; 0.248 V                              ; 0.172 V                              ; 4.61e-10 s                  ; 6e-10 s                     ; No                         ; No                         ; 3.08 V                      ; 5.35e-06 V                  ; 3.17 V             ; -0.0592 V          ; 0.248 V                             ; 0.172 V                             ; 4.61e-10 s                 ; 6e-10 s                    ; No                        ; No                        ;
; HEX3[5]         ; 3.3-V LVTTL  ; 0 s                 ; 0 s                 ; 3.08 V                       ; 5.35e-06 V                   ; 3.17 V              ; -0.0587 V           ; 0.248 V                              ; 0.173 V                              ; 4.61e-10 s                  ; 6e-10 s                     ; No                         ; No                         ; 3.08 V                      ; 5.35e-06 V                  ; 3.17 V             ; -0.0587 V          ; 0.248 V                             ; 0.173 V                             ; 4.61e-10 s                 ; 6e-10 s                    ; No                        ; No                        ;
; HEX3[6]         ; 3.3-V LVTTL  ; 0 s                 ; 0 s                 ; 3.08 V                       ; 5.35e-06 V                   ; 3.17 V              ; -0.0587 V           ; 0.248 V                              ; 0.173 V                              ; 4.61e-10 s                  ; 6e-10 s                     ; No                         ; No                         ; 3.08 V                      ; 5.35e-06 V                  ; 3.17 V             ; -0.0587 V          ; 0.248 V                             ; 0.173 V                             ; 4.61e-10 s                 ; 6e-10 s                    ; No                        ; No                        ;
; HEX3[7]         ; 3.3-V LVTTL  ; 0 s                 ; 0 s                 ; 3.08 V                       ; 5.35e-06 V                   ; 3.17 V              ; -0.0592 V           ; 0.248 V                              ; 0.172 V                              ; 4.61e-10 s                  ; 6e-10 s                     ; No                         ; No                         ; 3.08 V                      ; 5.35e-06 V                  ; 3.17 V             ; -0.0592 V          ; 0.248 V                             ; 0.172 V                             ; 4.61e-10 s                 ; 6e-10 s                    ; No                        ; No                        ;
; HEX4[0]         ; 3.3-V LVTTL  ; 0 s                 ; 0 s                 ; 3.08 V                       ; 5.35e-06 V                   ; 3.17 V              ; -0.0587 V           ; 0.248 V                              ; 0.173 V                              ; 4.61e-10 s                  ; 6e-10 s                     ; No                         ; No                         ; 3.08 V                      ; 5.35e-06 V                  ; 3.17 V             ; -0.0587 V          ; 0.248 V                             ; 0.173 V                             ; 4.61e-10 s                 ; 6e-10 s                    ; No                        ; No                        ;
; HEX4[1]         ; 3.3-V LVTTL  ; 0 s                 ; 0 s                 ; 3.08 V                       ; 5.35e-06 V                   ; 3.17 V              ; -0.0587 V           ; 0.248 V                              ; 0.173 V                              ; 4.61e-10 s                  ; 6e-10 s                     ; No                         ; No                         ; 3.08 V                      ; 5.35e-06 V                  ; 3.17 V             ; -0.0587 V          ; 0.248 V                             ; 0.173 V                             ; 4.61e-10 s                 ; 6e-10 s                    ; No                        ; No                        ;
; HEX4[2]         ; 3.3-V LVTTL  ; 0 s                 ; 0 s                 ; 3.08 V                       ; 5.35e-06 V                   ; 3.17 V              ; -0.0592 V           ; 0.248 V                              ; 0.172 V                              ; 4.61e-10 s                  ; 6e-10 s                     ; No                         ; No                         ; 3.08 V                      ; 5.35e-06 V                  ; 3.17 V             ; -0.0592 V          ; 0.248 V                             ; 0.172 V                             ; 4.61e-10 s                 ; 6e-10 s                    ; No                        ; No                        ;
; HEX4[3]         ; 3.3-V LVTTL  ; 0 s                 ; 0 s                 ; 3.08 V                       ; 5.35e-06 V                   ; 3.17 V              ; -0.0587 V           ; 0.248 V                              ; 0.173 V                              ; 4.61e-10 s                  ; 6e-10 s                     ; No                         ; No                         ; 3.08 V                      ; 5.35e-06 V                  ; 3.17 V             ; -0.0587 V          ; 0.248 V                             ; 0.173 V                             ; 4.61e-10 s                 ; 6e-10 s                    ; No                        ; No                        ;
; HEX4[4]         ; 3.3-V LVTTL  ; 0 s                 ; 0 s                 ; 3.08 V                       ; 5.35e-06 V                   ; 3.17 V              ; -0.0592 V           ; 0.248 V                              ; 0.172 V                              ; 4.61e-10 s                  ; 6e-10 s                     ; No                         ; No                         ; 3.08 V                      ; 5.35e-06 V                  ; 3.17 V             ; -0.0592 V          ; 0.248 V                             ; 0.172 V                             ; 4.61e-10 s                 ; 6e-10 s                    ; No                        ; No                        ;
; HEX4[5]         ; 3.3-V LVTTL  ; 0 s                 ; 0 s                 ; 3.08 V                       ; 5.35e-06 V                   ; 3.17 V              ; -0.0592 V           ; 0.248 V                              ; 0.172 V                              ; 4.61e-10 s                  ; 6e-10 s                     ; No                         ; No                         ; 3.08 V                      ; 5.35e-06 V                  ; 3.17 V             ; -0.0592 V          ; 0.248 V                             ; 0.172 V                             ; 4.61e-10 s                 ; 6e-10 s                    ; No                        ; No                        ;
; HEX4[6]         ; 3.3-V LVTTL  ; 0 s                 ; 0 s                 ; 3.08 V                       ; 5.35e-06 V                   ; 3.17 V              ; -0.0587 V           ; 0.248 V                              ; 0.173 V                              ; 4.61e-10 s                  ; 6e-10 s                     ; No                         ; No                         ; 3.08 V                      ; 5.35e-06 V                  ; 3.17 V             ; -0.0587 V          ; 0.248 V                             ; 0.173 V                             ; 4.61e-10 s                 ; 6e-10 s                    ; No                        ; No                        ;
; HEX4[7]         ; 3.3-V LVTTL  ; 0 s                 ; 0 s                 ; 3.08 V                       ; 5.35e-06 V                   ; 3.17 V              ; -0.0592 V           ; 0.248 V                              ; 0.172 V                              ; 4.61e-10 s                  ; 6e-10 s                     ; No                         ; No                         ; 3.08 V                      ; 5.35e-06 V                  ; 3.17 V             ; -0.0592 V          ; 0.248 V                             ; 0.172 V                             ; 4.61e-10 s                 ; 6e-10 s                    ; No                        ; No                        ;
; HEX5[0]         ; 3.3-V LVTTL  ; 0 s                 ; 0 s                 ; 3.08 V                       ; 5.35e-06 V                   ; 3.17 V              ; -0.0592 V           ; 0.248 V                              ; 0.172 V                              ; 4.61e-10 s                  ; 6e-10 s                     ; No                         ; No                         ; 3.08 V                      ; 5.35e-06 V                  ; 3.17 V             ; -0.0592 V          ; 0.248 V                             ; 0.172 V                             ; 4.61e-10 s                 ; 6e-10 s                    ; No                        ; No                        ;
; HEX5[1]         ; 3.3-V LVTTL  ; 0 s                 ; 0 s                 ; 3.08 V                       ; 5.35e-06 V                   ; 3.17 V              ; -0.0587 V           ; 0.248 V                              ; 0.173 V                              ; 4.61e-10 s                  ; 6e-10 s                     ; No                         ; No                         ; 3.08 V                      ; 5.35e-06 V                  ; 3.17 V             ; -0.0587 V          ; 0.248 V                             ; 0.173 V                             ; 4.61e-10 s                 ; 6e-10 s                    ; No                        ; No                        ;
; HEX5[2]         ; 3.3-V LVTTL  ; 0 s                 ; 0 s                 ; 3.08 V                       ; 5.35e-06 V                   ; 3.17 V              ; -0.0587 V           ; 0.248 V                              ; 0.173 V                              ; 4.61e-10 s                  ; 6e-10 s                     ; No                         ; No                         ; 3.08 V                      ; 5.35e-06 V                  ; 3.17 V             ; -0.0587 V          ; 0.248 V                             ; 0.173 V                             ; 4.61e-10 s                 ; 6e-10 s                    ; No                        ; No                        ;
; HEX5[3]         ; 3.3-V LVTTL  ; 0 s                 ; 0 s                 ; 3.08 V                       ; 5.35e-06 V                   ; 3.17 V              ; -0.0592 V           ; 0.248 V                              ; 0.172 V                              ; 4.61e-10 s                  ; 6e-10 s                     ; No                         ; No                         ; 3.08 V                      ; 5.35e-06 V                  ; 3.17 V             ; -0.0592 V          ; 0.248 V                             ; 0.172 V                             ; 4.61e-10 s                 ; 6e-10 s                    ; No                        ; No                        ;
; HEX5[4]         ; 3.3-V LVTTL  ; 0 s                 ; 0 s                 ; 3.08 V                       ; 5.35e-06 V                   ; 3.17 V              ; -0.0592 V           ; 0.248 V                              ; 0.172 V                              ; 4.61e-10 s                  ; 6e-10 s                     ; No                         ; No                         ; 3.08 V                      ; 5.35e-06 V                  ; 3.17 V             ; -0.0592 V          ; 0.248 V                             ; 0.172 V                             ; 4.61e-10 s                 ; 6e-10 s                    ; No                        ; No                        ;
; HEX5[5]         ; 3.3-V LVTTL  ; 0 s                 ; 0 s                 ; 3.08 V                       ; 5.35e-06 V                   ; 3.17 V              ; -0.0587 V           ; 0.248 V                              ; 0.173 V                              ; 4.61e-10 s                  ; 6e-10 s                     ; No                         ; No                         ; 3.08 V                      ; 5.35e-06 V                  ; 3.17 V             ; -0.0587 V          ; 0.248 V                             ; 0.173 V                             ; 4.61e-10 s                 ; 6e-10 s                    ; No                        ; No                        ;
; HEX5[6]         ; 3.3-V LVTTL  ; 0 s                 ; 0 s                 ; 3.08 V                       ; 5.35e-06 V                   ; 3.17 V              ; -0.0587 V           ; 0.248 V                              ; 0.173 V                              ; 4.61e-10 s                  ; 6e-10 s                     ; No                         ; No                         ; 3.08 V                      ; 5.35e-06 V                  ; 3.17 V             ; -0.0587 V          ; 0.248 V                             ; 0.173 V                             ; 4.61e-10 s                 ; 6e-10 s                    ; No                        ; No                        ;
; HEX5[7]         ; 3.3-V LVTTL  ; 0 s                 ; 0 s                 ; 3.08 V                       ; 5.35e-06 V                   ; 3.17 V              ; -0.0592 V           ; 0.248 V                              ; 0.172 V                              ; 4.61e-10 s                  ; 6e-10 s                     ; No                         ; No                         ; 3.08 V                      ; 5.35e-06 V                  ; 3.17 V             ; -0.0592 V          ; 0.248 V                             ; 0.172 V                             ; 4.61e-10 s                 ; 6e-10 s                    ; No                        ; No                        ;
; LEDR[0]         ; 3.3-V LVTTL  ; 0 s                 ; 0 s                 ; 3.08 V                       ; 5.35e-06 V                   ; 3.17 V              ; -0.0587 V           ; 0.248 V                              ; 0.173 V                              ; 4.61e-10 s                  ; 6e-10 s                     ; No                         ; No                         ; 3.08 V                      ; 5.35e-06 V                  ; 3.17 V             ; -0.0587 V          ; 0.248 V                             ; 0.173 V                             ; 4.61e-10 s                 ; 6e-10 s                    ; No                        ; No                        ;
; LEDR[1]         ; 3.3-V LVTTL  ; 0 s                 ; 0 s                 ; 3.08 V                       ; 5.35e-06 V                   ; 3.17 V              ; -0.0592 V           ; 0.248 V                              ; 0.172 V                              ; 4.61e-10 s                  ; 6e-10 s                     ; No                         ; No                         ; 3.08 V                      ; 5.35e-06 V                  ; 3.17 V             ; -0.0592 V          ; 0.248 V                             ; 0.172 V                             ; 4.61e-10 s                 ; 6e-10 s                    ; No                        ; No                        ;
; LEDR[2]         ; 3.3-V LVTTL  ; 0 s                 ; 0 s                 ; 3.08 V                       ; 5.35e-06 V                   ; 3.17 V              ; -0.0587 V           ; 0.248 V                              ; 0.173 V                              ; 4.61e-10 s                  ; 6e-10 s                     ; No                         ; No                         ; 3.08 V                      ; 5.35e-06 V                  ; 3.17 V             ; -0.0587 V          ; 0.248 V                             ; 0.173 V                             ; 4.61e-10 s                 ; 6e-10 s                    ; No                        ; No                        ;
; LEDR[3]         ; 3.3-V LVTTL  ; 0 s                 ; 0 s                 ; 3.08 V                       ; 5.35e-06 V                   ; 3.17 V              ; -0.0592 V           ; 0.248 V                              ; 0.172 V                              ; 4.61e-10 s                  ; 6e-10 s                     ; No                         ; No                         ; 3.08 V                      ; 5.35e-06 V                  ; 3.17 V             ; -0.0592 V          ; 0.248 V                             ; 0.172 V                             ; 4.61e-10 s                 ; 6e-10 s                    ; No                        ; No                        ;
; LEDR[4]         ; 3.3-V LVTTL  ; 0 s                 ; 0 s                 ; 3.08 V                       ; 5.35e-06 V                   ; 3.17 V              ; -0.0587 V           ; 0.248 V                              ; 0.173 V                              ; 4.61e-10 s                  ; 6e-10 s                     ; No                         ; No                         ; 3.08 V                      ; 5.35e-06 V                  ; 3.17 V             ; -0.0587 V          ; 0.248 V                             ; 0.173 V                             ; 4.61e-10 s                 ; 6e-10 s                    ; No                        ; No                        ;
; LEDR[5]         ; 3.3-V LVTTL  ; 0 s                 ; 0 s                 ; 3.08 V                       ; 5.35e-06 V                   ; 3.17 V              ; -0.0587 V           ; 0.248 V                              ; 0.173 V                              ; 4.61e-10 s                  ; 6e-10 s                     ; No                         ; No                         ; 3.08 V                      ; 5.35e-06 V                  ; 3.17 V             ; -0.0587 V          ; 0.248 V                             ; 0.173 V                             ; 4.61e-10 s                 ; 6e-10 s                    ; No                        ; No                        ;
; LEDR[6]         ; 3.3-V LVTTL  ; 0 s                 ; 0 s                 ; 3.08 V                       ; 5.35e-06 V                   ; 3.17 V              ; -0.0587 V           ; 0.248 V                              ; 0.173 V                              ; 4.61e-10 s                  ; 6e-10 s                     ; No                         ; No                         ; 3.08 V                      ; 5.35e-06 V                  ; 3.17 V             ; -0.0587 V          ; 0.248 V                             ; 0.173 V                             ; 4.61e-10 s                 ; 6e-10 s                    ; No                        ; No                        ;
; LEDR[7]         ; 3.3-V LVTTL  ; 0 s                 ; 0 s                 ; 3.08 V                       ; 5.35e-06 V                   ; 3.17 V              ; -0.0592 V           ; 0.248 V                              ; 0.172 V                              ; 4.61e-10 s                  ; 6e-10 s                     ; No                         ; No                         ; 3.08 V                      ; 5.35e-06 V                  ; 3.17 V             ; -0.0592 V          ; 0.248 V                             ; 0.172 V                             ; 4.61e-10 s                 ; 6e-10 s                    ; No                        ; No                        ;
; LEDR[8]         ; 3.3-V LVTTL  ; 0 s                 ; 0 s                 ; 3.08 V                       ; 5.35e-06 V                   ; 3.17 V              ; -0.0592 V           ; 0.248 V                              ; 0.172 V                              ; 4.61e-10 s                  ; 6e-10 s                     ; No                         ; No                         ; 3.08 V                      ; 5.35e-06 V                  ; 3.17 V             ; -0.0592 V          ; 0.248 V                             ; 0.172 V                             ; 4.61e-10 s                 ; 6e-10 s                    ; No                        ; No                        ;
; LEDR[9]         ; 3.3-V LVTTL  ; 0 s                 ; 0 s                 ; 3.08 V                       ; 5.35e-06 V                   ; 3.17 V              ; -0.0587 V           ; 0.248 V                              ; 0.173 V                              ; 4.61e-10 s                  ; 6e-10 s                     ; No                         ; No                         ; 3.08 V                      ; 5.35e-06 V                  ; 3.17 V             ; -0.0587 V          ; 0.248 V                             ; 0.173 V                             ; 4.61e-10 s                 ; 6e-10 s                    ; No                        ; No                        ;
; GPIO_35         ; 3.3-V LVTTL  ; 0 s                 ; 0 s                 ; 3.08 V                       ; 5.35e-06 V                   ; 3.17 V              ; -0.0592 V           ; 0.248 V                              ; 0.172 V                              ; 4.61e-10 s                  ; 6e-10 s                     ; No                         ; No                         ; 3.08 V                      ; 5.35e-06 V                  ; 3.17 V             ; -0.0592 V          ; 0.248 V                             ; 0.172 V                             ; 4.61e-10 s                 ; 6e-10 s                    ; No                        ; No                        ;
; ARDUINO_IO[0]   ; 3.3-V LVTTL  ; 0 s                 ; 0 s                 ; 3.08 V                       ; 5.35e-06 V                   ; 3.17 V              ; -0.0592 V           ; 0.248 V                              ; 0.172 V                              ; 4.61e-10 s                  ; 6e-10 s                     ; No                         ; No                         ; 3.08 V                      ; 5.35e-06 V                  ; 3.17 V             ; -0.0592 V          ; 0.248 V                             ; 0.172 V                             ; 4.61e-10 s                 ; 6e-10 s                    ; No                        ; No                        ;
; ARDUINO_IO[1]   ; 3.3-V LVTTL  ; 0 s                 ; 0 s                 ; 3.08 V                       ; 5.35e-06 V                   ; 3.17 V              ; -0.0587 V           ; 0.248 V                              ; 0.173 V                              ; 4.61e-10 s                  ; 6e-10 s                     ; No                         ; No                         ; 3.08 V                      ; 5.35e-06 V                  ; 3.17 V             ; -0.0587 V          ; 0.248 V                             ; 0.173 V                             ; 4.61e-10 s                 ; 6e-10 s                    ; No                        ; No                        ;
; ARDUINO_IO[2]   ; 3.3-V LVTTL  ; 0 s                 ; 0 s                 ; 3.08 V                       ; 5.35e-06 V                   ; 3.17 V              ; -0.0592 V           ; 0.248 V                              ; 0.172 V                              ; 4.61e-10 s                  ; 6e-10 s                     ; No                         ; No                         ; 3.08 V                      ; 5.35e-06 V                  ; 3.17 V             ; -0.0592 V          ; 0.248 V                             ; 0.172 V                             ; 4.61e-10 s                 ; 6e-10 s                    ; No                        ; No                        ;
; ARDUINO_IO[3]   ; 3.3-V LVTTL  ; 0 s                 ; 0 s                 ; 3.08 V                       ; 5.35e-06 V                   ; 3.17 V              ; -0.0592 V           ; 0.248 V                              ; 0.172 V                              ; 4.61e-10 s                  ; 6e-10 s                     ; No                         ; No                         ; 3.08 V                      ; 5.35e-06 V                  ; 3.17 V             ; -0.0592 V          ; 0.248 V                             ; 0.172 V                             ; 4.61e-10 s                 ; 6e-10 s                    ; No                        ; No                        ;
; ARDUINO_IO[4]   ; 3.3-V LVTTL  ; 0 s                 ; 0 s                 ; 3.08 V                       ; 5.35e-06 V                   ; 3.17 V              ; -0.0592 V           ; 0.248 V                              ; 0.172 V                              ; 4.61e-10 s                  ; 6e-10 s                     ; No                         ; No                         ; 3.08 V                      ; 5.35e-06 V                  ; 3.17 V             ; -0.0592 V          ; 0.248 V                             ; 0.172 V                             ; 4.61e-10 s                 ; 6e-10 s                    ; No                        ; No                        ;
; ARDUINO_IO[5]   ; 3.3-V LVTTL  ; 0 s                 ; 0 s                 ; 3.08 V                       ; 5.35e-06 V                   ; 3.17 V              ; -0.0535 V           ; 0.313 V                              ; 0.225 V                              ; 4.84e-10 s                  ; 6.28e-10 s                  ; No                         ; Yes                        ; 3.08 V                      ; 5.35e-06 V                  ; 3.17 V             ; -0.0535 V          ; 0.313 V                             ; 0.225 V                             ; 4.84e-10 s                 ; 6.28e-10 s                 ; No                        ; Yes                       ;
; ARDUINO_IO[6]   ; 3.3-V LVTTL  ; 0 s                 ; 0 s                 ; 3.08 V                       ; 5.35e-06 V                   ; 3.17 V              ; -0.0535 V           ; 0.313 V                              ; 0.225 V                              ; 4.84e-10 s                  ; 6.28e-10 s                  ; No                         ; Yes                        ; 3.08 V                      ; 5.35e-06 V                  ; 3.17 V             ; -0.0535 V          ; 0.313 V                             ; 0.225 V                             ; 4.84e-10 s                 ; 6.28e-10 s                 ; No                        ; Yes                       ;
; ARDUINO_IO[7]   ; 3.3-V LVTTL  ; 0 s                 ; 0 s                 ; 3.08 V                       ; 5.35e-06 V                   ; 3.17 V              ; -0.0547 V           ; 0.314 V                              ; 0.224 V                              ; 4.84e-10 s                  ; 6.28e-10 s                  ; No                         ; Yes                        ; 3.08 V                      ; 5.35e-06 V                  ; 3.17 V             ; -0.0547 V          ; 0.314 V                             ; 0.224 V                             ; 4.84e-10 s                 ; 6.28e-10 s                 ; No                        ; Yes                       ;
; ARDUINO_IO[8]   ; 3.3-V LVTTL  ; 0 s                 ; 0 s                 ; 3.08 V                       ; 5.35e-06 V                   ; 3.17 V              ; -0.0587 V           ; 0.248 V                              ; 0.173 V                              ; 4.61e-10 s                  ; 6e-10 s                     ; No                         ; No                         ; 3.08 V                      ; 5.35e-06 V                  ; 3.17 V             ; -0.0587 V          ; 0.248 V                             ; 0.173 V                             ; 4.61e-10 s                 ; 6e-10 s                    ; No                        ; No                        ;
; ARDUINO_IO[9]   ; 3.3-V LVTTL  ; 0 s                 ; 0 s                 ; 3.08 V                       ; 5.35e-06 V                   ; 3.17 V              ; -0.0535 V           ; 0.313 V                              ; 0.225 V                              ; 4.84e-10 s                  ; 6.28e-10 s                  ; No                         ; Yes                        ; 3.08 V                      ; 5.35e-06 V                  ; 3.17 V             ; -0.0535 V          ; 0.313 V                             ; 0.225 V                             ; 4.84e-10 s                 ; 6.28e-10 s                 ; No                        ; Yes                       ;
; ARDUINO_IO[10]  ; 3.3-V LVTTL  ; 0 s                 ; 0 s                 ; 3.08 V                       ; 5.35e-06 V                   ; 3.17 V              ; -0.0587 V           ; 0.248 V                              ; 0.173 V                              ; 4.61e-10 s                  ; 6e-10 s                     ; No                         ; No                         ; 3.08 V                      ; 5.35e-06 V                  ; 3.17 V             ; -0.0587 V          ; 0.248 V                             ; 0.173 V                             ; 4.61e-10 s                 ; 6e-10 s                    ; No                        ; No                        ;
; ARDUINO_IO[11]  ; 3.3-V LVTTL  ; 0 s                 ; 0 s                 ; 3.08 V                       ; 5.35e-06 V                   ; 3.17 V              ; -0.0587 V           ; 0.248 V                              ; 0.173 V                              ; 4.61e-10 s                  ; 6e-10 s                     ; No                         ; No                         ; 3.08 V                      ; 5.35e-06 V                  ; 3.17 V             ; -0.0587 V          ; 0.248 V                             ; 0.173 V                             ; 4.61e-10 s                 ; 6e-10 s                    ; No                        ; No                        ;
; ARDUINO_IO[12]  ; 3.3-V LVTTL  ; 0 s                 ; 0 s                 ; 3.08 V                       ; 5.35e-06 V                   ; 3.17 V              ; -0.0535 V           ; 0.313 V                              ; 0.225 V                              ; 4.84e-10 s                  ; 6.28e-10 s                  ; No                         ; Yes                        ; 3.08 V                      ; 5.35e-06 V                  ; 3.17 V             ; -0.0535 V          ; 0.313 V                             ; 0.225 V                             ; 4.84e-10 s                 ; 6.28e-10 s                 ; No                        ; Yes                       ;
; ARDUINO_IO[13]  ; 3.3-V LVTTL  ; 0 s                 ; 0 s                 ; 3.08 V                       ; 5.35e-06 V                   ; 3.17 V              ; -0.0592 V           ; 0.248 V                              ; 0.172 V                              ; 4.61e-10 s                  ; 6e-10 s                     ; No                         ; No                         ; 3.08 V                      ; 5.35e-06 V                  ; 3.17 V             ; -0.0592 V          ; 0.248 V                             ; 0.172 V                             ; 4.61e-10 s                 ; 6e-10 s                    ; No                        ; No                        ;
; ARDUINO_IO[14]  ; 3.3-V LVTTL  ; 0 s                 ; 0 s                 ; 3.08 V                       ; 5.35e-06 V                   ; 3.17 V              ; -0.0587 V           ; 0.248 V                              ; 0.173 V                              ; 4.61e-10 s                  ; 6e-10 s                     ; No                         ; No                         ; 3.08 V                      ; 5.35e-06 V                  ; 3.17 V             ; -0.0587 V          ; 0.248 V                             ; 0.173 V                             ; 4.61e-10 s                 ; 6e-10 s                    ; No                        ; No                        ;
; ARDUINO_IO[15]  ; 3.3-V LVTTL  ; 0 s                 ; 0 s                 ; 3.08 V                       ; 5.35e-06 V                   ; 3.17 V              ; -0.0592 V           ; 0.248 V                              ; 0.172 V                              ; 4.61e-10 s                  ; 6e-10 s                     ; No                         ; No                         ; 3.08 V                      ; 5.35e-06 V                  ; 3.17 V             ; -0.0592 V          ; 0.248 V                             ; 0.172 V                             ; 4.61e-10 s                 ; 6e-10 s                    ; No                        ; No                        ;
; ARDUINO_RESET_N ; 3.3-V LVTTL  ; 0 s                 ; 0 s                 ; 3.08 V                       ; 5.35e-06 V                   ; 3.17 V              ; -0.0592 V           ; 0.248 V                              ; 0.172 V                              ; 4.61e-10 s                  ; 6e-10 s                     ; No                         ; No                         ; 3.08 V                      ; 5.35e-06 V                  ; 3.17 V             ; -0.0592 V          ; 0.248 V                             ; 0.172 V                             ; 4.61e-10 s                 ; 6e-10 s                    ; No                        ; No                        ;
; ~ALTERA_TDO~    ; 2.5 V        ; 0 s                 ; 0 s                 ; 2.32 V                       ; 3.04e-06 V                   ; 2.37 V              ; -0.0108 V           ; 0.13 V                               ; 0.066 V                              ; 6.32e-10 s                  ; 6.45e-10 s                  ; No                         ; Yes                        ; 2.32 V                      ; 3.04e-06 V                  ; 2.37 V             ; -0.0108 V          ; 0.13 V                              ; 0.066 V                             ; 6.32e-10 s                 ; 6.45e-10 s                 ; No                        ; Yes                       ;
+-----------------+--------------+---------------------+---------------------+------------------------------+------------------------------+---------------------+---------------------+--------------------------------------+--------------------------------------+-----------------------------+-----------------------------+----------------------------+----------------------------+-----------------------------+-----------------------------+--------------------+--------------------+-------------------------------------+-------------------------------------+----------------------------+----------------------------+---------------------------+---------------------------+


+----------------------------------------------------------------------------------------------------------------------------------------------------------------------------------------------------------------------------------------------------------------------------------------------------------------------------------------------------------------------------------------------------------------------------------------------------------------------------------------------------------------------------------------------------------------------------------------------------------------------------------------------------------------------------------------------+
; Signal Integrity Metrics (Fast 1200mv 0c Model)                                                                                                                                                                                                                                                                                                                                                                                                                                                                                                                                                                                                                                              ;
+-----------------+--------------+---------------------+---------------------+------------------------------+------------------------------+---------------------+---------------------+--------------------------------------+--------------------------------------+-----------------------------+-----------------------------+----------------------------+----------------------------+-----------------------------+-----------------------------+--------------------+--------------------+-------------------------------------+-------------------------------------+----------------------------+----------------------------+---------------------------+---------------------------+
; Pin             ; I/O Standard ; Board Delay on Rise ; Board Delay on Fall ; Steady State Voh at FPGA Pin ; Steady State Vol at FPGA Pin ; Voh Max at FPGA Pin ; Vol Min at FPGA Pin ; Ringback Voltage on Rise at FPGA Pin ; Ringback Voltage on Fall at FPGA Pin ; 10-90 Rise Time at FPGA Pin ; 90-10 Fall Time at FPGA Pin ; Monotonic Rise at FPGA Pin ; Monotonic Fall at FPGA Pin ; Steady State Voh at Far-end ; Steady State Vol at Far-end ; Voh Max at Far-end ; Vol Min at Far-end ; Ringback Voltage on Rise at Far-end ; Ringback Voltage on Fall at Far-end ; 10-90 Rise Time at Far-end ; 90-10 Fall Time at Far-end ; Monotonic Rise at Far-end ; Monotonic Fall at Far-end ;
+-----------------+--------------+---------------------+---------------------+------------------------------+------------------------------+---------------------+---------------------+--------------------------------------+--------------------------------------+-----------------------------+-----------------------------+----------------------------+----------------------------+-----------------------------+-----------------------------+--------------------+--------------------+-------------------------------------+-------------------------------------+----------------------------+----------------------------+---------------------------+---------------------------+
; HEX0[0]         ; 3.3-V LVTTL  ; 0 s                 ; 0 s                 ; 3.46 V                       ; 5.04e-07 V                   ; 3.64 V              ; -0.0201 V           ; 0.391 V                              ; 0.088 V                              ; 2.79e-10 s                  ; 3.95e-10 s                  ; No                         ; Yes                        ; 3.46 V                      ; 5.04e-07 V                  ; 3.64 V             ; -0.0201 V          ; 0.391 V                             ; 0.088 V                             ; 2.79e-10 s                 ; 3.95e-10 s                 ; No                        ; Yes                       ;
; HEX0[1]         ; 3.3-V LVTTL  ; 0 s                 ; 0 s                 ; 3.46 V                       ; 5.04e-07 V                   ; 3.65 V              ; -0.0209 V           ; 0.391 V                              ; 0.09 V                               ; 2.79e-10 s                  ; 3.95e-10 s                  ; No                         ; Yes                        ; 3.46 V                      ; 5.04e-07 V                  ; 3.65 V             ; -0.0209 V          ; 0.391 V                             ; 0.09 V                              ; 2.79e-10 s                 ; 3.95e-10 s                 ; No                        ; Yes                       ;
; HEX0[2]         ; 3.3-V LVTTL  ; 0 s                 ; 0 s                 ; 3.46 V                       ; 5.04e-07 V                   ; 3.65 V              ; -0.0209 V           ; 0.391 V                              ; 0.09 V                               ; 2.79e-10 s                  ; 3.95e-10 s                  ; No                         ; Yes                        ; 3.46 V                      ; 5.04e-07 V                  ; 3.65 V             ; -0.0209 V          ; 0.391 V                             ; 0.09 V                              ; 2.79e-10 s                 ; 3.95e-10 s                 ; No                        ; Yes                       ;
; HEX0[3]         ; 3.3-V LVTTL  ; 0 s                 ; 0 s                 ; 3.46 V                       ; 5.04e-07 V                   ; 3.64 V              ; -0.0201 V           ; 0.391 V                              ; 0.088 V                              ; 2.79e-10 s                  ; 3.95e-10 s                  ; No                         ; Yes                        ; 3.46 V                      ; 5.04e-07 V                  ; 3.64 V             ; -0.0201 V          ; 0.391 V                             ; 0.088 V                             ; 2.79e-10 s                 ; 3.95e-10 s                 ; No                        ; Yes                       ;
; HEX0[4]         ; 3.3-V LVTTL  ; 0 s                 ; 0 s                 ; 3.46 V                       ; 5.04e-07 V                   ; 3.64 V              ; -0.0201 V           ; 0.391 V                              ; 0.088 V                              ; 2.79e-10 s                  ; 3.95e-10 s                  ; No                         ; Yes                        ; 3.46 V                      ; 5.04e-07 V                  ; 3.64 V             ; -0.0201 V          ; 0.391 V                             ; 0.088 V                             ; 2.79e-10 s                 ; 3.95e-10 s                 ; No                        ; Yes                       ;
; HEX0[5]         ; 3.3-V LVTTL  ; 0 s                 ; 0 s                 ; 3.46 V                       ; 5.04e-07 V                   ; 3.64 V              ; -0.0201 V           ; 0.391 V                              ; 0.088 V                              ; 2.79e-10 s                  ; 3.95e-10 s                  ; No                         ; Yes                        ; 3.46 V                      ; 5.04e-07 V                  ; 3.64 V             ; -0.0201 V          ; 0.391 V                             ; 0.088 V                             ; 2.79e-10 s                 ; 3.95e-10 s                 ; No                        ; Yes                       ;
; HEX0[6]         ; 3.3-V LVTTL  ; 0 s                 ; 0 s                 ; 3.46 V                       ; 5.04e-07 V                   ; 3.65 V              ; -0.0209 V           ; 0.391 V                              ; 0.09 V                               ; 2.79e-10 s                  ; 3.95e-10 s                  ; No                         ; Yes                        ; 3.46 V                      ; 5.04e-07 V                  ; 3.65 V             ; -0.0209 V          ; 0.391 V                             ; 0.09 V                              ; 2.79e-10 s                 ; 3.95e-10 s                 ; No                        ; Yes                       ;
; HEX0[7]         ; 3.3-V LVTTL  ; 0 s                 ; 0 s                 ; 3.46 V                       ; 5.04e-07 V                   ; 3.64 V              ; -0.0201 V           ; 0.391 V                              ; 0.088 V                              ; 2.79e-10 s                  ; 3.95e-10 s                  ; No                         ; Yes                        ; 3.46 V                      ; 5.04e-07 V                  ; 3.64 V             ; -0.0201 V          ; 0.391 V                             ; 0.088 V                             ; 2.79e-10 s                 ; 3.95e-10 s                 ; No                        ; Yes                       ;
; HEX1[0]         ; 3.3-V LVTTL  ; 0 s                 ; 0 s                 ; 3.46 V                       ; 5.04e-07 V                   ; 3.64 V              ; -0.0201 V           ; 0.391 V                              ; 0.088 V                              ; 2.79e-10 s                  ; 3.95e-10 s                  ; No                         ; Yes                        ; 3.46 V                      ; 5.04e-07 V                  ; 3.64 V             ; -0.0201 V          ; 0.391 V                             ; 0.088 V                             ; 2.79e-10 s                 ; 3.95e-10 s                 ; No                        ; Yes                       ;
; HEX1[1]         ; 3.3-V LVTTL  ; 0 s                 ; 0 s                 ; 3.46 V                       ; 5.04e-07 V                   ; 3.64 V              ; -0.0201 V           ; 0.391 V                              ; 0.088 V                              ; 2.79e-10 s                  ; 3.95e-10 s                  ; No                         ; Yes                        ; 3.46 V                      ; 5.04e-07 V                  ; 3.64 V             ; -0.0201 V          ; 0.391 V                             ; 0.088 V                             ; 2.79e-10 s                 ; 3.95e-10 s                 ; No                        ; Yes                       ;
; HEX1[2]         ; 3.3-V LVTTL  ; 0 s                 ; 0 s                 ; 3.46 V                       ; 5.04e-07 V                   ; 3.65 V              ; -0.0209 V           ; 0.391 V                              ; 0.09 V                               ; 2.79e-10 s                  ; 3.95e-10 s                  ; No                         ; Yes                        ; 3.46 V                      ; 5.04e-07 V                  ; 3.65 V             ; -0.0209 V          ; 0.391 V                             ; 0.09 V                              ; 2.79e-10 s                 ; 3.95e-10 s                 ; No                        ; Yes                       ;
; HEX1[3]         ; 3.3-V LVTTL  ; 0 s                 ; 0 s                 ; 3.46 V                       ; 5.04e-07 V                   ; 3.64 V              ; -0.0201 V           ; 0.391 V                              ; 0.088 V                              ; 2.79e-10 s                  ; 3.95e-10 s                  ; No                         ; Yes                        ; 3.46 V                      ; 5.04e-07 V                  ; 3.64 V             ; -0.0201 V          ; 0.391 V                             ; 0.088 V                             ; 2.79e-10 s                 ; 3.95e-10 s                 ; No                        ; Yes                       ;
; HEX1[4]         ; 3.3-V LVTTL  ; 0 s                 ; 0 s                 ; 3.46 V                       ; 5.04e-07 V                   ; 3.65 V              ; -0.0209 V           ; 0.391 V                              ; 0.09 V                               ; 2.79e-10 s                  ; 3.95e-10 s                  ; No                         ; Yes                        ; 3.46 V                      ; 5.04e-07 V                  ; 3.65 V             ; -0.0209 V          ; 0.391 V                             ; 0.09 V                              ; 2.79e-10 s                 ; 3.95e-10 s                 ; No                        ; Yes                       ;
; HEX1[5]         ; 3.3-V LVTTL  ; 0 s                 ; 0 s                 ; 3.46 V                       ; 5.04e-07 V                   ; 3.64 V              ; -0.0201 V           ; 0.391 V                              ; 0.088 V                              ; 2.79e-10 s                  ; 3.95e-10 s                  ; No                         ; Yes                        ; 3.46 V                      ; 5.04e-07 V                  ; 3.64 V             ; -0.0201 V          ; 0.391 V                             ; 0.088 V                             ; 2.79e-10 s                 ; 3.95e-10 s                 ; No                        ; Yes                       ;
; HEX1[6]         ; 3.3-V LVTTL  ; 0 s                 ; 0 s                 ; 3.46 V                       ; 5.04e-07 V                   ; 3.65 V              ; -0.0209 V           ; 0.391 V                              ; 0.09 V                               ; 2.79e-10 s                  ; 3.95e-10 s                  ; No                         ; Yes                        ; 3.46 V                      ; 5.04e-07 V                  ; 3.65 V             ; -0.0209 V          ; 0.391 V                             ; 0.09 V                              ; 2.79e-10 s                 ; 3.95e-10 s                 ; No                        ; Yes                       ;
; HEX1[7]         ; 3.3-V LVTTL  ; 0 s                 ; 0 s                 ; 3.46 V                       ; 5.04e-07 V                   ; 3.65 V              ; -0.0209 V           ; 0.391 V                              ; 0.09 V                               ; 2.79e-10 s                  ; 3.95e-10 s                  ; No                         ; Yes                        ; 3.46 V                      ; 5.04e-07 V                  ; 3.65 V             ; -0.0209 V          ; 0.391 V                             ; 0.09 V                              ; 2.79e-10 s                 ; 3.95e-10 s                 ; No                        ; Yes                       ;
; HEX2[0]         ; 3.3-V LVTTL  ; 0 s                 ; 0 s                 ; 3.46 V                       ; 5.04e-07 V                   ; 3.64 V              ; -0.0201 V           ; 0.391 V                              ; 0.088 V                              ; 2.79e-10 s                  ; 3.95e-10 s                  ; No                         ; Yes                        ; 3.46 V                      ; 5.04e-07 V                  ; 3.64 V             ; -0.0201 V          ; 0.391 V                             ; 0.088 V                             ; 2.79e-10 s                 ; 3.95e-10 s                 ; No                        ; Yes                       ;
; HEX2[1]         ; 3.3-V LVTTL  ; 0 s                 ; 0 s                 ; 3.46 V                       ; 5.04e-07 V                   ; 3.64 V              ; -0.0201 V           ; 0.391 V                              ; 0.088 V                              ; 2.79e-10 s                  ; 3.95e-10 s                  ; No                         ; Yes                        ; 3.46 V                      ; 5.04e-07 V                  ; 3.64 V             ; -0.0201 V          ; 0.391 V                             ; 0.088 V                             ; 2.79e-10 s                 ; 3.95e-10 s                 ; No                        ; Yes                       ;
; HEX2[2]         ; 3.3-V LVTTL  ; 0 s                 ; 0 s                 ; 3.46 V                       ; 5.04e-07 V                   ; 3.65 V              ; -0.0209 V           ; 0.391 V                              ; 0.09 V                               ; 2.79e-10 s                  ; 3.95e-10 s                  ; No                         ; Yes                        ; 3.46 V                      ; 5.04e-07 V                  ; 3.65 V             ; -0.0209 V          ; 0.391 V                             ; 0.09 V                              ; 2.79e-10 s                 ; 3.95e-10 s                 ; No                        ; Yes                       ;
; HEX2[3]         ; 3.3-V LVTTL  ; 0 s                 ; 0 s                 ; 3.46 V                       ; 5.04e-07 V                   ; 3.65 V              ; -0.0209 V           ; 0.391 V                              ; 0.09 V                               ; 2.79e-10 s                  ; 3.95e-10 s                  ; No                         ; Yes                        ; 3.46 V                      ; 5.04e-07 V                  ; 3.65 V             ; -0.0209 V          ; 0.391 V                             ; 0.09 V                              ; 2.79e-10 s                 ; 3.95e-10 s                 ; No                        ; Yes                       ;
; HEX2[4]         ; 3.3-V LVTTL  ; 0 s                 ; 0 s                 ; 3.46 V                       ; 5.04e-07 V                   ; 3.65 V              ; -0.0209 V           ; 0.391 V                              ; 0.09 V                               ; 2.79e-10 s                  ; 3.95e-10 s                  ; No                         ; Yes                        ; 3.46 V                      ; 5.04e-07 V                  ; 3.65 V             ; -0.0209 V          ; 0.391 V                             ; 0.09 V                              ; 2.79e-10 s                 ; 3.95e-10 s                 ; No                        ; Yes                       ;
; HEX2[5]         ; 3.3-V LVTTL  ; 0 s                 ; 0 s                 ; 3.46 V                       ; 5.04e-07 V                   ; 3.65 V              ; -0.0209 V           ; 0.391 V                              ; 0.09 V                               ; 2.79e-10 s                  ; 3.95e-10 s                  ; No                         ; Yes                        ; 3.46 V                      ; 5.04e-07 V                  ; 3.65 V             ; -0.0209 V          ; 0.391 V                             ; 0.09 V                              ; 2.79e-10 s                 ; 3.95e-10 s                 ; No                        ; Yes                       ;
; HEX2[6]         ; 3.3-V LVTTL  ; 0 s                 ; 0 s                 ; 3.46 V                       ; 5.04e-07 V                   ; 3.64 V              ; -0.0201 V           ; 0.391 V                              ; 0.088 V                              ; 2.79e-10 s                  ; 3.95e-10 s                  ; No                         ; Yes                        ; 3.46 V                      ; 5.04e-07 V                  ; 3.64 V             ; -0.0201 V          ; 0.391 V                             ; 0.088 V                             ; 2.79e-10 s                 ; 3.95e-10 s                 ; No                        ; Yes                       ;
; HEX2[7]         ; 3.3-V LVTTL  ; 0 s                 ; 0 s                 ; 3.46 V                       ; 5.04e-07 V                   ; 3.65 V              ; -0.0209 V           ; 0.391 V                              ; 0.09 V                               ; 2.79e-10 s                  ; 3.95e-10 s                  ; No                         ; Yes                        ; 3.46 V                      ; 5.04e-07 V                  ; 3.65 V             ; -0.0209 V          ; 0.391 V                             ; 0.09 V                              ; 2.79e-10 s                 ; 3.95e-10 s                 ; No                        ; Yes                       ;
; HEX3[0]         ; 3.3-V LVTTL  ; 0 s                 ; 0 s                 ; 3.46 V                       ; 5.04e-07 V                   ; 3.64 V              ; -0.0201 V           ; 0.391 V                              ; 0.088 V                              ; 2.79e-10 s                  ; 3.95e-10 s                  ; No                         ; Yes                        ; 3.46 V                      ; 5.04e-07 V                  ; 3.64 V             ; -0.0201 V          ; 0.391 V                             ; 0.088 V                             ; 2.79e-10 s                 ; 3.95e-10 s                 ; No                        ; Yes                       ;
; HEX3[1]         ; 3.3-V LVTTL  ; 0 s                 ; 0 s                 ; 3.46 V                       ; 5.04e-07 V                   ; 3.64 V              ; -0.0201 V           ; 0.391 V                              ; 0.088 V                              ; 2.79e-10 s                  ; 3.95e-10 s                  ; No                         ; Yes                        ; 3.46 V                      ; 5.04e-07 V                  ; 3.64 V             ; -0.0201 V          ; 0.391 V                             ; 0.088 V                             ; 2.79e-10 s                 ; 3.95e-10 s                 ; No                        ; Yes                       ;
; HEX3[2]         ; 3.3-V LVTTL  ; 0 s                 ; 0 s                 ; 3.46 V                       ; 5.04e-07 V                   ; 3.65 V              ; -0.0209 V           ; 0.391 V                              ; 0.09 V                               ; 2.79e-10 s                  ; 3.95e-10 s                  ; No                         ; Yes                        ; 3.46 V                      ; 5.04e-07 V                  ; 3.65 V             ; -0.0209 V          ; 0.391 V                             ; 0.09 V                              ; 2.79e-10 s                 ; 3.95e-10 s                 ; No                        ; Yes                       ;
; HEX3[3]         ; 3.3-V LVTTL  ; 0 s                 ; 0 s                 ; 3.46 V                       ; 5.04e-07 V                   ; 3.64 V              ; -0.0201 V           ; 0.391 V                              ; 0.088 V                              ; 2.79e-10 s                  ; 3.95e-10 s                  ; No                         ; Yes                        ; 3.46 V                      ; 5.04e-07 V                  ; 3.64 V             ; -0.0201 V          ; 0.391 V                             ; 0.088 V                             ; 2.79e-10 s                 ; 3.95e-10 s                 ; No                        ; Yes                       ;
; HEX3[4]         ; 3.3-V LVTTL  ; 0 s                 ; 0 s                 ; 3.46 V                       ; 5.04e-07 V                   ; 3.64 V              ; -0.0201 V           ; 0.391 V                              ; 0.088 V                              ; 2.79e-10 s                  ; 3.95e-10 s                  ; No                         ; Yes                        ; 3.46 V                      ; 5.04e-07 V                  ; 3.64 V             ; -0.0201 V          ; 0.391 V                             ; 0.088 V                             ; 2.79e-10 s                 ; 3.95e-10 s                 ; No                        ; Yes                       ;
; HEX3[5]         ; 3.3-V LVTTL  ; 0 s                 ; 0 s                 ; 3.46 V                       ; 5.04e-07 V                   ; 3.65 V              ; -0.0209 V           ; 0.391 V                              ; 0.09 V                               ; 2.79e-10 s                  ; 3.95e-10 s                  ; No                         ; Yes                        ; 3.46 V                      ; 5.04e-07 V                  ; 3.65 V             ; -0.0209 V          ; 0.391 V                             ; 0.09 V                              ; 2.79e-10 s                 ; 3.95e-10 s                 ; No                        ; Yes                       ;
; HEX3[6]         ; 3.3-V LVTTL  ; 0 s                 ; 0 s                 ; 3.46 V                       ; 5.04e-07 V                   ; 3.65 V              ; -0.0209 V           ; 0.391 V                              ; 0.09 V                               ; 2.79e-10 s                  ; 3.95e-10 s                  ; No                         ; Yes                        ; 3.46 V                      ; 5.04e-07 V                  ; 3.65 V             ; -0.0209 V          ; 0.391 V                             ; 0.09 V                              ; 2.79e-10 s                 ; 3.95e-10 s                 ; No                        ; Yes                       ;
; HEX3[7]         ; 3.3-V LVTTL  ; 0 s                 ; 0 s                 ; 3.46 V                       ; 5.04e-07 V                   ; 3.64 V              ; -0.0201 V           ; 0.391 V                              ; 0.088 V                              ; 2.79e-10 s                  ; 3.95e-10 s                  ; No                         ; Yes                        ; 3.46 V                      ; 5.04e-07 V                  ; 3.64 V             ; -0.0201 V          ; 0.391 V                             ; 0.088 V                             ; 2.79e-10 s                 ; 3.95e-10 s                 ; No                        ; Yes                       ;
; HEX4[0]         ; 3.3-V LVTTL  ; 0 s                 ; 0 s                 ; 3.46 V                       ; 5.04e-07 V                   ; 3.65 V              ; -0.0209 V           ; 0.391 V                              ; 0.09 V                               ; 2.79e-10 s                  ; 3.95e-10 s                  ; No                         ; Yes                        ; 3.46 V                      ; 5.04e-07 V                  ; 3.65 V             ; -0.0209 V          ; 0.391 V                             ; 0.09 V                              ; 2.79e-10 s                 ; 3.95e-10 s                 ; No                        ; Yes                       ;
; HEX4[1]         ; 3.3-V LVTTL  ; 0 s                 ; 0 s                 ; 3.46 V                       ; 5.04e-07 V                   ; 3.65 V              ; -0.0209 V           ; 0.391 V                              ; 0.09 V                               ; 2.79e-10 s                  ; 3.95e-10 s                  ; No                         ; Yes                        ; 3.46 V                      ; 5.04e-07 V                  ; 3.65 V             ; -0.0209 V          ; 0.391 V                             ; 0.09 V                              ; 2.79e-10 s                 ; 3.95e-10 s                 ; No                        ; Yes                       ;
; HEX4[2]         ; 3.3-V LVTTL  ; 0 s                 ; 0 s                 ; 3.46 V                       ; 5.04e-07 V                   ; 3.64 V              ; -0.0201 V           ; 0.391 V                              ; 0.088 V                              ; 2.79e-10 s                  ; 3.95e-10 s                  ; No                         ; Yes                        ; 3.46 V                      ; 5.04e-07 V                  ; 3.64 V             ; -0.0201 V          ; 0.391 V                             ; 0.088 V                             ; 2.79e-10 s                 ; 3.95e-10 s                 ; No                        ; Yes                       ;
; HEX4[3]         ; 3.3-V LVTTL  ; 0 s                 ; 0 s                 ; 3.46 V                       ; 5.04e-07 V                   ; 3.65 V              ; -0.0209 V           ; 0.391 V                              ; 0.09 V                               ; 2.79e-10 s                  ; 3.95e-10 s                  ; No                         ; Yes                        ; 3.46 V                      ; 5.04e-07 V                  ; 3.65 V             ; -0.0209 V          ; 0.391 V                             ; 0.09 V                              ; 2.79e-10 s                 ; 3.95e-10 s                 ; No                        ; Yes                       ;
; HEX4[4]         ; 3.3-V LVTTL  ; 0 s                 ; 0 s                 ; 3.46 V                       ; 5.04e-07 V                   ; 3.64 V              ; -0.0201 V           ; 0.391 V                              ; 0.088 V                              ; 2.79e-10 s                  ; 3.95e-10 s                  ; No                         ; Yes                        ; 3.46 V                      ; 5.04e-07 V                  ; 3.64 V             ; -0.0201 V          ; 0.391 V                             ; 0.088 V                             ; 2.79e-10 s                 ; 3.95e-10 s                 ; No                        ; Yes                       ;
; HEX4[5]         ; 3.3-V LVTTL  ; 0 s                 ; 0 s                 ; 3.46 V                       ; 5.04e-07 V                   ; 3.64 V              ; -0.0201 V           ; 0.391 V                              ; 0.088 V                              ; 2.79e-10 s                  ; 3.95e-10 s                  ; No                         ; Yes                        ; 3.46 V                      ; 5.04e-07 V                  ; 3.64 V             ; -0.0201 V          ; 0.391 V                             ; 0.088 V                             ; 2.79e-10 s                 ; 3.95e-10 s                 ; No                        ; Yes                       ;
; HEX4[6]         ; 3.3-V LVTTL  ; 0 s                 ; 0 s                 ; 3.46 V                       ; 5.04e-07 V                   ; 3.65 V              ; -0.0209 V           ; 0.391 V                              ; 0.09 V                               ; 2.79e-10 s                  ; 3.95e-10 s                  ; No                         ; Yes                        ; 3.46 V                      ; 5.04e-07 V                  ; 3.65 V             ; -0.0209 V          ; 0.391 V                             ; 0.09 V                              ; 2.79e-10 s                 ; 3.95e-10 s                 ; No                        ; Yes                       ;
; HEX4[7]         ; 3.3-V LVTTL  ; 0 s                 ; 0 s                 ; 3.46 V                       ; 5.04e-07 V                   ; 3.64 V              ; -0.0201 V           ; 0.391 V                              ; 0.088 V                              ; 2.79e-10 s                  ; 3.95e-10 s                  ; No                         ; Yes                        ; 3.46 V                      ; 5.04e-07 V                  ; 3.64 V             ; -0.0201 V          ; 0.391 V                             ; 0.088 V                             ; 2.79e-10 s                 ; 3.95e-10 s                 ; No                        ; Yes                       ;
; HEX5[0]         ; 3.3-V LVTTL  ; 0 s                 ; 0 s                 ; 3.46 V                       ; 5.04e-07 V                   ; 3.64 V              ; -0.0201 V           ; 0.391 V                              ; 0.088 V                              ; 2.79e-10 s                  ; 3.95e-10 s                  ; No                         ; Yes                        ; 3.46 V                      ; 5.04e-07 V                  ; 3.64 V             ; -0.0201 V          ; 0.391 V                             ; 0.088 V                             ; 2.79e-10 s                 ; 3.95e-10 s                 ; No                        ; Yes                       ;
; HEX5[1]         ; 3.3-V LVTTL  ; 0 s                 ; 0 s                 ; 3.46 V                       ; 5.04e-07 V                   ; 3.65 V              ; -0.0209 V           ; 0.391 V                              ; 0.09 V                               ; 2.79e-10 s                  ; 3.95e-10 s                  ; No                         ; Yes                        ; 3.46 V                      ; 5.04e-07 V                  ; 3.65 V             ; -0.0209 V          ; 0.391 V                             ; 0.09 V                              ; 2.79e-10 s                 ; 3.95e-10 s                 ; No                        ; Yes                       ;
; HEX5[2]         ; 3.3-V LVTTL  ; 0 s                 ; 0 s                 ; 3.46 V                       ; 5.04e-07 V                   ; 3.65 V              ; -0.0209 V           ; 0.391 V                              ; 0.09 V                               ; 2.79e-10 s                  ; 3.95e-10 s                  ; No                         ; Yes                        ; 3.46 V                      ; 5.04e-07 V                  ; 3.65 V             ; -0.0209 V          ; 0.391 V                             ; 0.09 V                              ; 2.79e-10 s                 ; 3.95e-10 s                 ; No                        ; Yes                       ;
; HEX5[3]         ; 3.3-V LVTTL  ; 0 s                 ; 0 s                 ; 3.46 V                       ; 5.04e-07 V                   ; 3.64 V              ; -0.0201 V           ; 0.391 V                              ; 0.088 V                              ; 2.79e-10 s                  ; 3.95e-10 s                  ; No                         ; Yes                        ; 3.46 V                      ; 5.04e-07 V                  ; 3.64 V             ; -0.0201 V          ; 0.391 V                             ; 0.088 V                             ; 2.79e-10 s                 ; 3.95e-10 s                 ; No                        ; Yes                       ;
; HEX5[4]         ; 3.3-V LVTTL  ; 0 s                 ; 0 s                 ; 3.46 V                       ; 5.04e-07 V                   ; 3.64 V              ; -0.0201 V           ; 0.391 V                              ; 0.088 V                              ; 2.79e-10 s                  ; 3.95e-10 s                  ; No                         ; Yes                        ; 3.46 V                      ; 5.04e-07 V                  ; 3.64 V             ; -0.0201 V          ; 0.391 V                             ; 0.088 V                             ; 2.79e-10 s                 ; 3.95e-10 s                 ; No                        ; Yes                       ;
; HEX5[5]         ; 3.3-V LVTTL  ; 0 s                 ; 0 s                 ; 3.46 V                       ; 5.04e-07 V                   ; 3.65 V              ; -0.0209 V           ; 0.391 V                              ; 0.09 V                               ; 2.79e-10 s                  ; 3.95e-10 s                  ; No                         ; Yes                        ; 3.46 V                      ; 5.04e-07 V                  ; 3.65 V             ; -0.0209 V          ; 0.391 V                             ; 0.09 V                              ; 2.79e-10 s                 ; 3.95e-10 s                 ; No                        ; Yes                       ;
; HEX5[6]         ; 3.3-V LVTTL  ; 0 s                 ; 0 s                 ; 3.46 V                       ; 5.04e-07 V                   ; 3.65 V              ; -0.0209 V           ; 0.391 V                              ; 0.09 V                               ; 2.79e-10 s                  ; 3.95e-10 s                  ; No                         ; Yes                        ; 3.46 V                      ; 5.04e-07 V                  ; 3.65 V             ; -0.0209 V          ; 0.391 V                             ; 0.09 V                              ; 2.79e-10 s                 ; 3.95e-10 s                 ; No                        ; Yes                       ;
; HEX5[7]         ; 3.3-V LVTTL  ; 0 s                 ; 0 s                 ; 3.46 V                       ; 5.04e-07 V                   ; 3.64 V              ; -0.0201 V           ; 0.391 V                              ; 0.088 V                              ; 2.79e-10 s                  ; 3.95e-10 s                  ; No                         ; Yes                        ; 3.46 V                      ; 5.04e-07 V                  ; 3.64 V             ; -0.0201 V          ; 0.391 V                             ; 0.088 V                             ; 2.79e-10 s                 ; 3.95e-10 s                 ; No                        ; Yes                       ;
; LEDR[0]         ; 3.3-V LVTTL  ; 0 s                 ; 0 s                 ; 3.46 V                       ; 5.04e-07 V                   ; 3.65 V              ; -0.0209 V           ; 0.391 V                              ; 0.09 V                               ; 2.79e-10 s                  ; 3.95e-10 s                  ; No                         ; Yes                        ; 3.46 V                      ; 5.04e-07 V                  ; 3.65 V             ; -0.0209 V          ; 0.391 V                             ; 0.09 V                              ; 2.79e-10 s                 ; 3.95e-10 s                 ; No                        ; Yes                       ;
; LEDR[1]         ; 3.3-V LVTTL  ; 0 s                 ; 0 s                 ; 3.46 V                       ; 5.04e-07 V                   ; 3.64 V              ; -0.0201 V           ; 0.391 V                              ; 0.088 V                              ; 2.79e-10 s                  ; 3.95e-10 s                  ; No                         ; Yes                        ; 3.46 V                      ; 5.04e-07 V                  ; 3.64 V             ; -0.0201 V          ; 0.391 V                             ; 0.088 V                             ; 2.79e-10 s                 ; 3.95e-10 s                 ; No                        ; Yes                       ;
; LEDR[2]         ; 3.3-V LVTTL  ; 0 s                 ; 0 s                 ; 3.46 V                       ; 5.04e-07 V                   ; 3.65 V              ; -0.0209 V           ; 0.391 V                              ; 0.09 V                               ; 2.79e-10 s                  ; 3.95e-10 s                  ; No                         ; Yes                        ; 3.46 V                      ; 5.04e-07 V                  ; 3.65 V             ; -0.0209 V          ; 0.391 V                             ; 0.09 V                              ; 2.79e-10 s                 ; 3.95e-10 s                 ; No                        ; Yes                       ;
; LEDR[3]         ; 3.3-V LVTTL  ; 0 s                 ; 0 s                 ; 3.46 V                       ; 5.04e-07 V                   ; 3.64 V              ; -0.0201 V           ; 0.391 V                              ; 0.088 V                              ; 2.79e-10 s                  ; 3.95e-10 s                  ; No                         ; Yes                        ; 3.46 V                      ; 5.04e-07 V                  ; 3.64 V             ; -0.0201 V          ; 0.391 V                             ; 0.088 V                             ; 2.79e-10 s                 ; 3.95e-10 s                 ; No                        ; Yes                       ;
; LEDR[4]         ; 3.3-V LVTTL  ; 0 s                 ; 0 s                 ; 3.46 V                       ; 5.04e-07 V                   ; 3.65 V              ; -0.0209 V           ; 0.391 V                              ; 0.09 V                               ; 2.79e-10 s                  ; 3.95e-10 s                  ; No                         ; Yes                        ; 3.46 V                      ; 5.04e-07 V                  ; 3.65 V             ; -0.0209 V          ; 0.391 V                             ; 0.09 V                              ; 2.79e-10 s                 ; 3.95e-10 s                 ; No                        ; Yes                       ;
; LEDR[5]         ; 3.3-V LVTTL  ; 0 s                 ; 0 s                 ; 3.46 V                       ; 5.04e-07 V                   ; 3.65 V              ; -0.0209 V           ; 0.391 V                              ; 0.09 V                               ; 2.79e-10 s                  ; 3.95e-10 s                  ; No                         ; Yes                        ; 3.46 V                      ; 5.04e-07 V                  ; 3.65 V             ; -0.0209 V          ; 0.391 V                             ; 0.09 V                              ; 2.79e-10 s                 ; 3.95e-10 s                 ; No                        ; Yes                       ;
; LEDR[6]         ; 3.3-V LVTTL  ; 0 s                 ; 0 s                 ; 3.46 V                       ; 5.04e-07 V                   ; 3.65 V              ; -0.0209 V           ; 0.391 V                              ; 0.09 V                               ; 2.79e-10 s                  ; 3.95e-10 s                  ; No                         ; Yes                        ; 3.46 V                      ; 5.04e-07 V                  ; 3.65 V             ; -0.0209 V          ; 0.391 V                             ; 0.09 V                              ; 2.79e-10 s                 ; 3.95e-10 s                 ; No                        ; Yes                       ;
; LEDR[7]         ; 3.3-V LVTTL  ; 0 s                 ; 0 s                 ; 3.46 V                       ; 5.04e-07 V                   ; 3.64 V              ; -0.0201 V           ; 0.391 V                              ; 0.088 V                              ; 2.79e-10 s                  ; 3.95e-10 s                  ; No                         ; Yes                        ; 3.46 V                      ; 5.04e-07 V                  ; 3.64 V             ; -0.0201 V          ; 0.391 V                             ; 0.088 V                             ; 2.79e-10 s                 ; 3.95e-10 s                 ; No                        ; Yes                       ;
; LEDR[8]         ; 3.3-V LVTTL  ; 0 s                 ; 0 s                 ; 3.46 V                       ; 5.04e-07 V                   ; 3.64 V              ; -0.0201 V           ; 0.391 V                              ; 0.088 V                              ; 2.79e-10 s                  ; 3.95e-10 s                  ; No                         ; Yes                        ; 3.46 V                      ; 5.04e-07 V                  ; 3.64 V             ; -0.0201 V          ; 0.391 V                             ; 0.088 V                             ; 2.79e-10 s                 ; 3.95e-10 s                 ; No                        ; Yes                       ;
; LEDR[9]         ; 3.3-V LVTTL  ; 0 s                 ; 0 s                 ; 3.46 V                       ; 5.04e-07 V                   ; 3.65 V              ; -0.0209 V           ; 0.391 V                              ; 0.09 V                               ; 2.79e-10 s                  ; 3.95e-10 s                  ; No                         ; Yes                        ; 3.46 V                      ; 5.04e-07 V                  ; 3.65 V             ; -0.0209 V          ; 0.391 V                             ; 0.09 V                              ; 2.79e-10 s                 ; 3.95e-10 s                 ; No                        ; Yes                       ;
; GPIO_35         ; 3.3-V LVTTL  ; 0 s                 ; 0 s                 ; 3.46 V                       ; 5.04e-07 V                   ; 3.64 V              ; -0.0201 V           ; 0.391 V                              ; 0.088 V                              ; 2.79e-10 s                  ; 3.95e-10 s                  ; No                         ; Yes                        ; 3.46 V                      ; 5.04e-07 V                  ; 3.64 V             ; -0.0201 V          ; 0.391 V                             ; 0.088 V                             ; 2.79e-10 s                 ; 3.95e-10 s                 ; No                        ; Yes                       ;
; ARDUINO_IO[0]   ; 3.3-V LVTTL  ; 0 s                 ; 0 s                 ; 3.46 V                       ; 5.04e-07 V                   ; 3.64 V              ; -0.0201 V           ; 0.391 V                              ; 0.088 V                              ; 2.79e-10 s                  ; 3.95e-10 s                  ; No                         ; Yes                        ; 3.46 V                      ; 5.04e-07 V                  ; 3.64 V             ; -0.0201 V          ; 0.391 V                             ; 0.088 V                             ; 2.79e-10 s                 ; 3.95e-10 s                 ; No                        ; Yes                       ;
; ARDUINO_IO[1]   ; 3.3-V LVTTL  ; 0 s                 ; 0 s                 ; 3.46 V                       ; 5.04e-07 V                   ; 3.65 V              ; -0.0209 V           ; 0.391 V                              ; 0.09 V                               ; 2.79e-10 s                  ; 3.95e-10 s                  ; No                         ; Yes                        ; 3.46 V                      ; 5.04e-07 V                  ; 3.65 V             ; -0.0209 V          ; 0.391 V                             ; 0.09 V                              ; 2.79e-10 s                 ; 3.95e-10 s                 ; No                        ; Yes                       ;
; ARDUINO_IO[2]   ; 3.3-V LVTTL  ; 0 s                 ; 0 s                 ; 3.46 V                       ; 5.04e-07 V                   ; 3.64 V              ; -0.0201 V           ; 0.391 V                              ; 0.088 V                              ; 2.79e-10 s                  ; 3.95e-10 s                  ; No                         ; Yes                        ; 3.46 V                      ; 5.04e-07 V                  ; 3.64 V             ; -0.0201 V          ; 0.391 V                             ; 0.088 V                             ; 2.79e-10 s                 ; 3.95e-10 s                 ; No                        ; Yes                       ;
; ARDUINO_IO[3]   ; 3.3-V LVTTL  ; 0 s                 ; 0 s                 ; 3.46 V                       ; 5.04e-07 V                   ; 3.64 V              ; -0.0201 V           ; 0.391 V                              ; 0.088 V                              ; 2.79e-10 s                  ; 3.95e-10 s                  ; No                         ; Yes                        ; 3.46 V                      ; 5.04e-07 V                  ; 3.64 V             ; -0.0201 V          ; 0.391 V                             ; 0.088 V                             ; 2.79e-10 s                 ; 3.95e-10 s                 ; No                        ; Yes                       ;
; ARDUINO_IO[4]   ; 3.3-V LVTTL  ; 0 s                 ; 0 s                 ; 3.46 V                       ; 5.04e-07 V                   ; 3.64 V              ; -0.0201 V           ; 0.391 V                              ; 0.088 V                              ; 2.79e-10 s                  ; 3.95e-10 s                  ; No                         ; Yes                        ; 3.46 V                      ; 5.04e-07 V                  ; 3.64 V             ; -0.0201 V          ; 0.391 V                             ; 0.088 V                             ; 2.79e-10 s                 ; 3.95e-10 s                 ; No                        ; Yes                       ;
; ARDUINO_IO[5]   ; 3.3-V LVTTL  ; 0 s                 ; 0 s                 ; 3.46 V                       ; 5.04e-07 V                   ; 3.63 V              ; -0.0257 V           ; 0.468 V                              ; 0.138 V                              ; 3.02e-10 s                  ; 4.44e-10 s                  ; No                         ; Yes                        ; 3.46 V                      ; 5.04e-07 V                  ; 3.63 V             ; -0.0257 V          ; 0.468 V                             ; 0.138 V                             ; 3.02e-10 s                 ; 4.44e-10 s                 ; No                        ; Yes                       ;
; ARDUINO_IO[6]   ; 3.3-V LVTTL  ; 0 s                 ; 0 s                 ; 3.46 V                       ; 5.04e-07 V                   ; 3.63 V              ; -0.0257 V           ; 0.468 V                              ; 0.138 V                              ; 3.02e-10 s                  ; 4.44e-10 s                  ; No                         ; Yes                        ; 3.46 V                      ; 5.04e-07 V                  ; 3.63 V             ; -0.0257 V          ; 0.468 V                             ; 0.138 V                             ; 3.02e-10 s                 ; 4.44e-10 s                 ; No                        ; Yes                       ;
; ARDUINO_IO[7]   ; 3.3-V LVTTL  ; 0 s                 ; 0 s                 ; 3.46 V                       ; 5.04e-07 V                   ; 3.63 V              ; -0.0264 V           ; 0.468 V                              ; 0.142 V                              ; 3.02e-10 s                  ; 4.42e-10 s                  ; No                         ; Yes                        ; 3.46 V                      ; 5.04e-07 V                  ; 3.63 V             ; -0.0264 V          ; 0.468 V                             ; 0.142 V                             ; 3.02e-10 s                 ; 4.42e-10 s                 ; No                        ; Yes                       ;
; ARDUINO_IO[8]   ; 3.3-V LVTTL  ; 0 s                 ; 0 s                 ; 3.46 V                       ; 5.04e-07 V                   ; 3.65 V              ; -0.0209 V           ; 0.391 V                              ; 0.09 V                               ; 2.79e-10 s                  ; 3.95e-10 s                  ; No                         ; Yes                        ; 3.46 V                      ; 5.04e-07 V                  ; 3.65 V             ; -0.0209 V          ; 0.391 V                             ; 0.09 V                              ; 2.79e-10 s                 ; 3.95e-10 s                 ; No                        ; Yes                       ;
; ARDUINO_IO[9]   ; 3.3-V LVTTL  ; 0 s                 ; 0 s                 ; 3.46 V                       ; 5.04e-07 V                   ; 3.63 V              ; -0.0257 V           ; 0.468 V                              ; 0.138 V                              ; 3.02e-10 s                  ; 4.44e-10 s                  ; No                         ; Yes                        ; 3.46 V                      ; 5.04e-07 V                  ; 3.63 V             ; -0.0257 V          ; 0.468 V                             ; 0.138 V                             ; 3.02e-10 s                 ; 4.44e-10 s                 ; No                        ; Yes                       ;
; ARDUINO_IO[10]  ; 3.3-V LVTTL  ; 0 s                 ; 0 s                 ; 3.46 V                       ; 5.04e-07 V                   ; 3.65 V              ; -0.0209 V           ; 0.391 V                              ; 0.09 V                               ; 2.79e-10 s                  ; 3.95e-10 s                  ; No                         ; Yes                        ; 3.46 V                      ; 5.04e-07 V                  ; 3.65 V             ; -0.0209 V          ; 0.391 V                             ; 0.09 V                              ; 2.79e-10 s                 ; 3.95e-10 s                 ; No                        ; Yes                       ;
; ARDUINO_IO[11]  ; 3.3-V LVTTL  ; 0 s                 ; 0 s                 ; 3.46 V                       ; 5.04e-07 V                   ; 3.65 V              ; -0.0209 V           ; 0.391 V                              ; 0.09 V                               ; 2.79e-10 s                  ; 3.95e-10 s                  ; No                         ; Yes                        ; 3.46 V                      ; 5.04e-07 V                  ; 3.65 V             ; -0.0209 V          ; 0.391 V                             ; 0.09 V                              ; 2.79e-10 s                 ; 3.95e-10 s                 ; No                        ; Yes                       ;
; ARDUINO_IO[12]  ; 3.3-V LVTTL  ; 0 s                 ; 0 s                 ; 3.46 V                       ; 5.04e-07 V                   ; 3.63 V              ; -0.0257 V           ; 0.468 V                              ; 0.138 V                              ; 3.02e-10 s                  ; 4.44e-10 s                  ; No                         ; Yes                        ; 3.46 V                      ; 5.04e-07 V                  ; 3.63 V             ; -0.0257 V          ; 0.468 V                             ; 0.138 V                             ; 3.02e-10 s                 ; 4.44e-10 s                 ; No                        ; Yes                       ;
; ARDUINO_IO[13]  ; 3.3-V LVTTL  ; 0 s                 ; 0 s                 ; 3.46 V                       ; 5.04e-07 V                   ; 3.64 V              ; -0.0201 V           ; 0.391 V                              ; 0.088 V                              ; 2.79e-10 s                  ; 3.95e-10 s                  ; No                         ; Yes                        ; 3.46 V                      ; 5.04e-07 V                  ; 3.64 V             ; -0.0201 V          ; 0.391 V                             ; 0.088 V                             ; 2.79e-10 s                 ; 3.95e-10 s                 ; No                        ; Yes                       ;
; ARDUINO_IO[14]  ; 3.3-V LVTTL  ; 0 s                 ; 0 s                 ; 3.46 V                       ; 5.04e-07 V                   ; 3.65 V              ; -0.0209 V           ; 0.391 V                              ; 0.09 V                               ; 2.79e-10 s                  ; 3.95e-10 s                  ; No                         ; Yes                        ; 3.46 V                      ; 5.04e-07 V                  ; 3.65 V             ; -0.0209 V          ; 0.391 V                             ; 0.09 V                              ; 2.79e-10 s                 ; 3.95e-10 s                 ; No                        ; Yes                       ;
; ARDUINO_IO[15]  ; 3.3-V LVTTL  ; 0 s                 ; 0 s                 ; 3.46 V                       ; 5.04e-07 V                   ; 3.64 V              ; -0.0201 V           ; 0.391 V                              ; 0.088 V                              ; 2.79e-10 s                  ; 3.95e-10 s                  ; No                         ; Yes                        ; 3.46 V                      ; 5.04e-07 V                  ; 3.64 V             ; -0.0201 V          ; 0.391 V                             ; 0.088 V                             ; 2.79e-10 s                 ; 3.95e-10 s                 ; No                        ; Yes                       ;
; ARDUINO_RESET_N ; 3.3-V LVTTL  ; 0 s                 ; 0 s                 ; 3.46 V                       ; 5.04e-07 V                   ; 3.64 V              ; -0.0201 V           ; 0.391 V                              ; 0.088 V                              ; 2.79e-10 s                  ; 3.95e-10 s                  ; No                         ; Yes                        ; 3.46 V                      ; 5.04e-07 V                  ; 3.64 V             ; -0.0201 V          ; 0.391 V                             ; 0.088 V                             ; 2.79e-10 s                 ; 3.95e-10 s                 ; No                        ; Yes                       ;
; ~ALTERA_TDO~    ; 2.5 V        ; 0 s                 ; 0 s                 ; 2.62 V                       ; 1.68e-07 V                   ; 2.73 V              ; -0.0395 V           ; 0.361 V                              ; 0.109 V                              ; 3.1e-10 s                   ; 4.41e-10 s                  ; No                         ; Yes                        ; 2.62 V                      ; 1.68e-07 V                  ; 2.73 V             ; -0.0395 V          ; 0.361 V                             ; 0.109 V                             ; 3.1e-10 s                  ; 4.41e-10 s                 ; No                        ; Yes                       ;
+-----------------+--------------+---------------------+---------------------+------------------------------+------------------------------+---------------------+---------------------+--------------------------------------+--------------------------------------+-----------------------------+-----------------------------+----------------------------+----------------------------+-----------------------------+-----------------------------+--------------------+--------------------+-------------------------------------+-------------------------------------+----------------------------+----------------------------+---------------------------+---------------------------+


+-------------------------------------------------------------------------------------------+
; Setup Transfers                                                                           ;
+---------------------+---------------------+--------------+----------+----------+----------+
; From Clock          ; To Clock            ; RR Paths     ; FR Paths ; RF Paths ; FF Paths ;
+---------------------+---------------------+--------------+----------+----------+----------+
; buffered_data[4][0] ; buffered_data[4][0] ; 7            ; 7        ; 0        ; 0        ;
; buffered_data[4][1] ; buffered_data[4][0] ; 87           ; 87       ; 0        ; 0        ;
; MAX10_CLK1_50       ; buffered_data[4][0] ; 1034964      ; 0        ; 0        ; 0        ;
; buffered_data[4][0] ; buffered_data[4][1] ; 14           ; 14       ; 14       ; 14       ;
; buffered_data[4][1] ; buffered_data[4][1] ; 188          ; 188      ; 174      ; 174      ;
; MAX10_CLK1_50       ; buffered_data[4][1] ; 2766559      ; 0        ; 2069928  ; 0        ;
; buffered_data[5][0] ; buffered_data[5][0] ; 7            ; 7        ; 0        ; 0        ;
; buffered_data[5][1] ; buffered_data[5][0] ; 87           ; 87       ; 0        ; 0        ;
; MAX10_CLK1_50       ; buffered_data[5][0] ; 1034964      ; 0        ; 0        ; 0        ;
; buffered_data[5][0] ; buffered_data[5][1] ; 14           ; 14       ; 14       ; 14       ;
; buffered_data[5][1] ; buffered_data[5][1] ; 188          ; 188      ; 174      ; 174      ;
; MAX10_CLK1_50       ; buffered_data[5][1] ; 2766559      ; 0        ; 2069928  ; 0        ;
; MAX10_CLK1_50       ; MAX10_CLK1_50       ; > 2147483647 ; 0        ; 0        ; 0        ;
+---------------------+---------------------+--------------+----------+----------+----------+
Entries labeled "false path" only account for clock-to-clock false paths and not path-based false paths. As a result, actual path counts may be lower than reported.


+-------------------------------------------------------------------------------------------+
; Hold Transfers                                                                            ;
+---------------------+---------------------+--------------+----------+----------+----------+
; From Clock          ; To Clock            ; RR Paths     ; FR Paths ; RF Paths ; FF Paths ;
+---------------------+---------------------+--------------+----------+----------+----------+
; buffered_data[4][0] ; buffered_data[4][0] ; 7            ; 7        ; 0        ; 0        ;
; buffered_data[4][1] ; buffered_data[4][0] ; 87           ; 87       ; 0        ; 0        ;
; MAX10_CLK1_50       ; buffered_data[4][0] ; 1034964      ; 0        ; 0        ; 0        ;
; buffered_data[4][0] ; buffered_data[4][1] ; 14           ; 14       ; 14       ; 14       ;
; buffered_data[4][1] ; buffered_data[4][1] ; 188          ; 188      ; 174      ; 174      ;
; MAX10_CLK1_50       ; buffered_data[4][1] ; 2766559      ; 0        ; 2069928  ; 0        ;
; buffered_data[5][0] ; buffered_data[5][0] ; 7            ; 7        ; 0        ; 0        ;
; buffered_data[5][1] ; buffered_data[5][0] ; 87           ; 87       ; 0        ; 0        ;
; MAX10_CLK1_50       ; buffered_data[5][0] ; 1034964      ; 0        ; 0        ; 0        ;
; buffered_data[5][0] ; buffered_data[5][1] ; 14           ; 14       ; 14       ; 14       ;
; buffered_data[5][1] ; buffered_data[5][1] ; 188          ; 188      ; 174      ; 174      ;
; MAX10_CLK1_50       ; buffered_data[5][1] ; 2766559      ; 0        ; 2069928  ; 0        ;
; MAX10_CLK1_50       ; MAX10_CLK1_50       ; > 2147483647 ; 0        ; 0        ; 0        ;
+---------------------+---------------------+--------------+----------+----------+----------+
Entries labeled "false path" only account for clock-to-clock false paths and not path-based false paths. As a result, actual path counts may be lower than reported.


---------------
; Report TCCS ;
---------------
No dedicated SERDES Transmitter circuitry present in device or used in design


---------------
; Report RSKM ;
---------------
No non-DPA dedicated SERDES Receiver circuitry present in device or used in design


+------------------------------------------------+
; Unconstrained Paths Summary                    ;
+---------------------------------+-------+------+
; Property                        ; Setup ; Hold ;
+---------------------------------+-------+------+
; Illegal Clocks                  ; 0     ; 0    ;
; Unconstrained Clocks            ; 0     ; 0    ;
; Unconstrained Input Ports       ; 1     ; 1    ;
; Unconstrained Input Port Paths  ; 49    ; 49   ;
; Unconstrained Output Ports      ; 52    ; 52   ;
; Unconstrained Output Port Paths ; 122   ; 122  ;
+---------------------------------+-------+------+


+----------------------------------------------------------------+
; Clock Status Summary                                           ;
+---------------------+---------------------+------+-------------+
; Target              ; Clock               ; Type ; Status      ;
+---------------------+---------------------+------+-------------+
; MAX10_CLK1_50       ; MAX10_CLK1_50       ; Base ; Constrained ;
; buffered_data[4][0] ; buffered_data[4][0] ; Base ; Constrained ;
; buffered_data[4][1] ; buffered_data[4][1] ; Base ; Constrained ;
; buffered_data[5][0] ; buffered_data[5][0] ; Base ; Constrained ;
; buffered_data[5][1] ; buffered_data[5][1] ; Base ; Constrained ;
+---------------------+---------------------+------+-------------+


+---------------------------------------------------------------------------------------------------+
; Unconstrained Input Ports                                                                         ;
+------------+--------------------------------------------------------------------------------------+
; Input Port ; Comment                                                                              ;
+------------+--------------------------------------------------------------------------------------+
; GPIO_33    ; No input delay, min/max delays, false-path exceptions, or max skew assignments found ;
+------------+--------------------------------------------------------------------------------------+


+-----------------------------------------------------------------------------------------------------+
; Unconstrained Output Ports                                                                          ;
+-------------+---------------------------------------------------------------------------------------+
; Output Port ; Comment                                                                               ;
+-------------+---------------------------------------------------------------------------------------+
; HEX0[0]     ; No output delay, min/max delays, false-path exceptions, or max skew assignments found ;
; HEX0[1]     ; No output delay, min/max delays, false-path exceptions, or max skew assignments found ;
; HEX0[2]     ; No output delay, min/max delays, false-path exceptions, or max skew assignments found ;
; HEX0[3]     ; No output delay, min/max delays, false-path exceptions, or max skew assignments found ;
; HEX0[4]     ; No output delay, min/max delays, false-path exceptions, or max skew assignments found ;
; HEX0[5]     ; No output delay, min/max delays, false-path exceptions, or max skew assignments found ;
; HEX0[6]     ; No output delay, min/max delays, false-path exceptions, or max skew assignments found ;
; HEX1[0]     ; No output delay, min/max delays, false-path exceptions, or max skew assignments found ;
; HEX1[1]     ; No output delay, min/max delays, false-path exceptions, or max skew assignments found ;
; HEX1[2]     ; No output delay, min/max delays, false-path exceptions, or max skew assignments found ;
; HEX1[3]     ; No output delay, min/max delays, false-path exceptions, or max skew assignments found ;
; HEX1[4]     ; No output delay, min/max delays, false-path exceptions, or max skew assignments found ;
; HEX1[5]     ; No output delay, min/max delays, false-path exceptions, or max skew assignments found ;
; HEX1[6]     ; No output delay, min/max delays, false-path exceptions, or max skew assignments found ;
; HEX2[0]     ; No output delay, min/max delays, false-path exceptions, or max skew assignments found ;
; HEX2[1]     ; No output delay, min/max delays, false-path exceptions, or max skew assignments found ;
; HEX2[2]     ; No output delay, min/max delays, false-path exceptions, or max skew assignments found ;
; HEX2[3]     ; No output delay, min/max delays, false-path exceptions, or max skew assignments found ;
; HEX2[4]     ; No output delay, min/max delays, false-path exceptions, or max skew assignments found ;
; HEX2[5]     ; No output delay, min/max delays, false-path exceptions, or max skew assignments found ;
; HEX2[6]     ; No output delay, min/max delays, false-path exceptions, or max skew assignments found ;
; HEX3[0]     ; No output delay, min/max delays, false-path exceptions, or max skew assignments found ;
; HEX3[1]     ; No output delay, min/max delays, false-path exceptions, or max skew assignments found ;
; HEX3[2]     ; No output delay, min/max delays, false-path exceptions, or max skew assignments found ;
; HEX3[3]     ; No output delay, min/max delays, false-path exceptions, or max skew assignments found ;
; HEX3[4]     ; No output delay, min/max delays, false-path exceptions, or max skew assignments found ;
; HEX3[5]     ; No output delay, min/max delays, false-path exceptions, or max skew assignments found ;
; HEX3[6]     ; No output delay, min/max delays, false-path exceptions, or max skew assignments found ;
; HEX4[0]     ; No output delay, min/max delays, false-path exceptions, or max skew assignments found ;
; HEX4[1]     ; No output delay, min/max delays, false-path exceptions, or max skew assignments found ;
; HEX4[2]     ; No output delay, min/max delays, false-path exceptions, or max skew assignments found ;
; HEX4[3]     ; No output delay, min/max delays, false-path exceptions, or max skew assignments found ;
; HEX4[4]     ; No output delay, min/max delays, false-path exceptions, or max skew assignments found ;
; HEX4[5]     ; No output delay, min/max delays, false-path exceptions, or max skew assignments found ;
; HEX4[6]     ; No output delay, min/max delays, false-path exceptions, or max skew assignments found ;
; HEX5[0]     ; No output delay, min/max delays, false-path exceptions, or max skew assignments found ;
; HEX5[1]     ; No output delay, min/max delays, false-path exceptions, or max skew assignments found ;
; HEX5[2]     ; No output delay, min/max delays, false-path exceptions, or max skew assignments found ;
; HEX5[3]     ; No output delay, min/max delays, false-path exceptions, or max skew assignments found ;
; HEX5[4]     ; No output delay, min/max delays, false-path exceptions, or max skew assignments found ;
; HEX5[5]     ; No output delay, min/max delays, false-path exceptions, or max skew assignments found ;
; HEX5[6]     ; No output delay, min/max delays, false-path exceptions, or max skew assignments found ;
; LEDR[0]     ; No output delay, min/max delays, false-path exceptions, or max skew assignments found ;
; LEDR[1]     ; No output delay, min/max delays, false-path exceptions, or max skew assignments found ;
; LEDR[2]     ; No output delay, min/max delays, false-path exceptions, or max skew assignments found ;
; LEDR[3]     ; No output delay, min/max delays, false-path exceptions, or max skew assignments found ;
; LEDR[4]     ; No output delay, min/max delays, false-path exceptions, or max skew assignments found ;
; LEDR[5]     ; No output delay, min/max delays, false-path exceptions, or max skew assignments found ;
; LEDR[6]     ; No output delay, min/max delays, false-path exceptions, or max skew assignments found ;
; LEDR[7]     ; No output delay, min/max delays, false-path exceptions, or max skew assignments found ;
; LEDR[8]     ; No output delay, min/max delays, false-path exceptions, or max skew assignments found ;
; LEDR[9]     ; No output delay, min/max delays, false-path exceptions, or max skew assignments found ;
+-------------+---------------------------------------------------------------------------------------+


+---------------------------------------------------------------------------------------------------+
; Unconstrained Input Ports                                                                         ;
+------------+--------------------------------------------------------------------------------------+
; Input Port ; Comment                                                                              ;
+------------+--------------------------------------------------------------------------------------+
; GPIO_33    ; No input delay, min/max delays, false-path exceptions, or max skew assignments found ;
+------------+--------------------------------------------------------------------------------------+


+-----------------------------------------------------------------------------------------------------+
; Unconstrained Output Ports                                                                          ;
+-------------+---------------------------------------------------------------------------------------+
; Output Port ; Comment                                                                               ;
+-------------+---------------------------------------------------------------------------------------+
; HEX0[0]     ; No output delay, min/max delays, false-path exceptions, or max skew assignments found ;
; HEX0[1]     ; No output delay, min/max delays, false-path exceptions, or max skew assignments found ;
; HEX0[2]     ; No output delay, min/max delays, false-path exceptions, or max skew assignments found ;
; HEX0[3]     ; No output delay, min/max delays, false-path exceptions, or max skew assignments found ;
; HEX0[4]     ; No output delay, min/max delays, false-path exceptions, or max skew assignments found ;
; HEX0[5]     ; No output delay, min/max delays, false-path exceptions, or max skew assignments found ;
; HEX0[6]     ; No output delay, min/max delays, false-path exceptions, or max skew assignments found ;
; HEX1[0]     ; No output delay, min/max delays, false-path exceptions, or max skew assignments found ;
; HEX1[1]     ; No output delay, min/max delays, false-path exceptions, or max skew assignments found ;
; HEX1[2]     ; No output delay, min/max delays, false-path exceptions, or max skew assignments found ;
; HEX1[3]     ; No output delay, min/max delays, false-path exceptions, or max skew assignments found ;
; HEX1[4]     ; No output delay, min/max delays, false-path exceptions, or max skew assignments found ;
; HEX1[5]     ; No output delay, min/max delays, false-path exceptions, or max skew assignments found ;
; HEX1[6]     ; No output delay, min/max delays, false-path exceptions, or max skew assignments found ;
; HEX2[0]     ; No output delay, min/max delays, false-path exceptions, or max skew assignments found ;
; HEX2[1]     ; No output delay, min/max delays, false-path exceptions, or max skew assignments found ;
; HEX2[2]     ; No output delay, min/max delays, false-path exceptions, or max skew assignments found ;
; HEX2[3]     ; No output delay, min/max delays, false-path exceptions, or max skew assignments found ;
; HEX2[4]     ; No output delay, min/max delays, false-path exceptions, or max skew assignments found ;
; HEX2[5]     ; No output delay, min/max delays, false-path exceptions, or max skew assignments found ;
; HEX2[6]     ; No output delay, min/max delays, false-path exceptions, or max skew assignments found ;
; HEX3[0]     ; No output delay, min/max delays, false-path exceptions, or max skew assignments found ;
; HEX3[1]     ; No output delay, min/max delays, false-path exceptions, or max skew assignments found ;
; HEX3[2]     ; No output delay, min/max delays, false-path exceptions, or max skew assignments found ;
; HEX3[3]     ; No output delay, min/max delays, false-path exceptions, or max skew assignments found ;
; HEX3[4]     ; No output delay, min/max delays, false-path exceptions, or max skew assignments found ;
; HEX3[5]     ; No output delay, min/max delays, false-path exceptions, or max skew assignments found ;
; HEX3[6]     ; No output delay, min/max delays, false-path exceptions, or max skew assignments found ;
; HEX4[0]     ; No output delay, min/max delays, false-path exceptions, or max skew assignments found ;
; HEX4[1]     ; No output delay, min/max delays, false-path exceptions, or max skew assignments found ;
; HEX4[2]     ; No output delay, min/max delays, false-path exceptions, or max skew assignments found ;
; HEX4[3]     ; No output delay, min/max delays, false-path exceptions, or max skew assignments found ;
; HEX4[4]     ; No output delay, min/max delays, false-path exceptions, or max skew assignments found ;
; HEX4[5]     ; No output delay, min/max delays, false-path exceptions, or max skew assignments found ;
; HEX4[6]     ; No output delay, min/max delays, false-path exceptions, or max skew assignments found ;
; HEX5[0]     ; No output delay, min/max delays, false-path exceptions, or max skew assignments found ;
; HEX5[1]     ; No output delay, min/max delays, false-path exceptions, or max skew assignments found ;
; HEX5[2]     ; No output delay, min/max delays, false-path exceptions, or max skew assignments found ;
; HEX5[3]     ; No output delay, min/max delays, false-path exceptions, or max skew assignments found ;
; HEX5[4]     ; No output delay, min/max delays, false-path exceptions, or max skew assignments found ;
; HEX5[5]     ; No output delay, min/max delays, false-path exceptions, or max skew assignments found ;
; HEX5[6]     ; No output delay, min/max delays, false-path exceptions, or max skew assignments found ;
; LEDR[0]     ; No output delay, min/max delays, false-path exceptions, or max skew assignments found ;
; LEDR[1]     ; No output delay, min/max delays, false-path exceptions, or max skew assignments found ;
; LEDR[2]     ; No output delay, min/max delays, false-path exceptions, or max skew assignments found ;
; LEDR[3]     ; No output delay, min/max delays, false-path exceptions, or max skew assignments found ;
; LEDR[4]     ; No output delay, min/max delays, false-path exceptions, or max skew assignments found ;
; LEDR[5]     ; No output delay, min/max delays, false-path exceptions, or max skew assignments found ;
; LEDR[6]     ; No output delay, min/max delays, false-path exceptions, or max skew assignments found ;
; LEDR[7]     ; No output delay, min/max delays, false-path exceptions, or max skew assignments found ;
; LEDR[8]     ; No output delay, min/max delays, false-path exceptions, or max skew assignments found ;
; LEDR[9]     ; No output delay, min/max delays, false-path exceptions, or max skew assignments found ;
+-------------+---------------------------------------------------------------------------------------+


+--------------------------+
; Timing Analyzer Messages ;
+--------------------------+
Info: *******************************************************************
Info: Running Quartus Prime Timing Analyzer
    Info: Version 23.1std.1 Build 993 05/14/2024 SC Lite Edition
    Info: Processing started: Mon Apr 21 21:24:17 2025
Info: Command: quartus_sta OBD2 -c OBD2
Info: qsta_default_script.tcl version: #1
Warning (18236): Number of processors has not been specified which may cause overloading on shared machines.  Set the global assignment NUM_PARALLEL_PROCESSORS in your QSF to an appropriate value for best performance.
Info (20030): Parallel compilation is enabled and will use 4 of the 4 processors detected
Info (21077): Low junction temperature is 0 degrees C
Info (21077): High junction temperature is 85 degrees C
Warning (335093): The Timing Analyzer is analyzing 28 combinational loops as latches. For more details, run the Check Timing command in the Timing Analyzer or view the "User-Specified and Inferred Latches" table in the Analysis & Synthesis report.
Critical Warning (332012): Synopsys Design Constraints File file not found: 'OBD2.sdc'. A Synopsys Design Constraints File is required by the Timing Analyzer to get proper timing constraints. Without it, the Compiler will not properly optimize the design.
Info (332142): No user constrained base clocks found in the design. Calling "derive_clocks -period 1.0"
Info (332105): Deriving Clocks
    Info (332105): create_clock -period 1.000 -name MAX10_CLK1_50 MAX10_CLK1_50
    Info (332105): create_clock -period 1.000 -name buffered_data[4][0] buffered_data[4][0]
    Info (332105): create_clock -period 1.000 -name buffered_data[4][1] buffered_data[4][1]
    Info (332105): create_clock -period 1.000 -name buffered_data[5][0] buffered_data[5][0]
    Info (332105): create_clock -period 1.000 -name buffered_data[5][1] buffered_data[5][1]
Info (332097): The following timing edges are non-unate.  The Timing Analyzer will assume pos-unate behavior for these edges in the clock network.
    Info (332098): Cell: load|Mod0|auto_generated|divider|divider|StageOut[36]~62  from: datad  to: combout
    Info (332098): Cell: load|Mod0|auto_generated|divider|divider|StageOut[37]~63  from: datad  to: combout
    Info (332098): Cell: load|Mod0|auto_generated|divider|divider|StageOut[38]~64  from: datad  to: combout
    Info (332098): Cell: load|Mod0|auto_generated|divider|divider|add_sub_7_result_int[1]~0  from: dataa  to: combout
    Info (332098): Cell: load|Mod0|auto_generated|divider|divider|add_sub_7_result_int[1]~0  from: datab  to: combout
    Info (332098): Cell: load|Mod0|auto_generated|divider|divider|add_sub_7_result_int[2]~2  from: cin  to: combout
    Info (332098): Cell: load|Mod0|auto_generated|divider|divider|add_sub_7_result_int[3]~4  from: cin  to: combout
    Info (332098): Cell: speed|Mod0|auto_generated|divider|divider|StageOut[36]~62  from: datad  to: combout
    Info (332098): Cell: speed|Mod0|auto_generated|divider|divider|StageOut[37]~63  from: datad  to: combout
    Info (332098): Cell: speed|Mod0|auto_generated|divider|divider|StageOut[38]~64  from: datad  to: combout
    Info (332098): Cell: speed|Mod0|auto_generated|divider|divider|add_sub_7_result_int[1]~0  from: dataa  to: combout
    Info (332098): Cell: speed|Mod0|auto_generated|divider|divider|add_sub_7_result_int[1]~0  from: datab  to: combout
    Info (332098): Cell: speed|Mod0|auto_generated|divider|divider|add_sub_7_result_int[2]~2  from: cin  to: combout
    Info (332098): Cell: speed|Mod0|auto_generated|divider|divider|add_sub_7_result_int[3]~4  from: cin  to: combout
Info (332143): No user constrained clock uncertainty found in the design. Calling "derive_clock_uncertainty"
Info (332123): Deriving Clock Uncertainty. Please refer to report_sdc in the Timing Analyzer to see clock uncertainties.
Info: Found TIMING_ANALYZER_REPORT_SCRIPT_INCLUDE_DEFAULT_ANALYSIS = ON
Info: Analyzing Slow 1200mV 85C Model
Info: Can't run Report Timing Closure Recommendations. The current device family is not supported.
Critical Warning (332148): Timing requirements not met
Info (332146): Worst-case setup slack is -21.452
    Info (332119):     Slack       End Point TNS Clock 
    Info (332119): ========= =================== =====================
    Info (332119):   -21.452           -1006.173 MAX10_CLK1_50 
    Info (332119):   -18.239            -126.360 buffered_data[4][0] 
    Info (332119):   -17.757            -121.671 buffered_data[5][0] 
    Info (332119):   -17.520            -221.553 buffered_data[4][1] 
    Info (332119):   -16.679            -208.272 buffered_data[5][1] 
Info (332146): Worst-case hold slack is 0.326
    Info (332119):     Slack       End Point TNS Clock 
    Info (332119): ========= =================== =====================
    Info (332119):     0.326               0.000 MAX10_CLK1_50 
    Info (332119):     0.887               0.000 buffered_data[5][1] 
    Info (332119):     1.386               0.000 buffered_data[4][1] 
    Info (332119):     3.863               0.000 buffered_data[4][0] 
    Info (332119):     4.036               0.000 buffered_data[5][0] 
Info (332140): No Recovery paths to report
Info (332140): No Removal paths to report
Info (332146): Worst-case minimum pulse width slack is -3.000
    Info (332119):     Slack       End Point TNS Clock 
    Info (332119): ========= =================== =====================
    Info (332119):    -3.000            -210.983 MAX10_CLK1_50 
    Info (332119):    -1.593             -50.502 buffered_data[4][1] 
    Info (332119):    -1.526             -74.970 buffered_data[5][1] 
    Info (332119):     0.350               0.000 buffered_data[5][0] 
    Info (332119):     0.352               0.000 buffered_data[4][0] 
Info (332114): Report Metastability: Found 8 synchronizer chains.
    Info (332114): Design MTBF is not calculated because the design doesn't meet its timing requirements.
Info: Analyzing Slow 1200mV 0C Model
Info (334003): Started post-fitting delay annotation
Warning (334000): Timing characteristics of device 10M50DAF484C6GES are preliminary
Info (334004): Delay annotation completed successfully
Info (332097): The following timing edges are non-unate.  The Timing Analyzer will assume pos-unate behavior for these edges in the clock network.
    Info (332098): Cell: load|Mod0|auto_generated|divider|divider|StageOut[36]~62  from: datad  to: combout
    Info (332098): Cell: load|Mod0|auto_generated|divider|divider|StageOut[37]~63  from: datad  to: combout
    Info (332098): Cell: load|Mod0|auto_generated|divider|divider|StageOut[38]~64  from: datad  to: combout
    Info (332098): Cell: load|Mod0|auto_generated|divider|divider|add_sub_7_result_int[1]~0  from: dataa  to: combout
    Info (332098): Cell: load|Mod0|auto_generated|divider|divider|add_sub_7_result_int[1]~0  from: datab  to: combout
    Info (332098): Cell: load|Mod0|auto_generated|divider|divider|add_sub_7_result_int[2]~2  from: cin  to: combout
    Info (332098): Cell: load|Mod0|auto_generated|divider|divider|add_sub_7_result_int[3]~4  from: cin  to: combout
    Info (332098): Cell: speed|Mod0|auto_generated|divider|divider|StageOut[36]~62  from: datad  to: combout
    Info (332098): Cell: speed|Mod0|auto_generated|divider|divider|StageOut[37]~63  from: datad  to: combout
    Info (332098): Cell: speed|Mod0|auto_generated|divider|divider|StageOut[38]~64  from: datad  to: combout
    Info (332098): Cell: speed|Mod0|auto_generated|divider|divider|add_sub_7_result_int[1]~0  from: dataa  to: combout
    Info (332098): Cell: speed|Mod0|auto_generated|divider|divider|add_sub_7_result_int[1]~0  from: datab  to: combout
    Info (332098): Cell: speed|Mod0|auto_generated|divider|divider|add_sub_7_result_int[2]~2  from: cin  to: combout
    Info (332098): Cell: speed|Mod0|auto_generated|divider|divider|add_sub_7_result_int[3]~4  from: cin  to: combout
Info (332123): Deriving Clock Uncertainty. Please refer to report_sdc in the Timing Analyzer to see clock uncertainties.
Critical Warning (332148): Timing requirements not met
Info (332146): Worst-case setup slack is -19.352
    Info (332119):     Slack       End Point TNS Clock 
    Info (332119): ========= =================== =====================
    Info (332119):   -19.352            -898.909 MAX10_CLK1_50 
    Info (332119):   -16.449            -114.029 buffered_data[4][0] 
    Info (332119):   -15.968            -109.573 buffered_data[5][0] 
    Info (332119):   -15.781            -199.908 buffered_data[4][1] 
    Info (332119):   -14.972            -187.418 buffered_data[5][1] 
Info (332146): Worst-case hold slack is 0.295
    Info (332119):     Slack       End Point TNS Clock 
    Info (332119): ========= =================== =====================
    Info (332119):     0.295               0.000 MAX10_CLK1_50 
    Info (332119):     0.739               0.000 buffered_data[5][1] 
    Info (332119):     1.217               0.000 buffered_data[4][1] 
    Info (332119):     3.562               0.000 buffered_data[4][0] 
    Info (332119):     3.673               0.000 buffered_data[5][0] 
Info (332140): No Recovery paths to report
Info (332140): No Removal paths to report
Info (332146): Worst-case minimum pulse width slack is -3.000
    Info (332119):     Slack       End Point TNS Clock 
    Info (332119): ========= =================== =====================
    Info (332119):    -3.000            -210.740 MAX10_CLK1_50 
    Info (332119):    -1.323             -43.826 buffered_data[4][1] 
    Info (332119):    -1.249             -62.241 buffered_data[5][1] 
    Info (332119):     0.413               0.000 buffered_data[5][0] 
    Info (332119):     0.430               0.000 buffered_data[4][0] 
Info (332114): Report Metastability: Found 8 synchronizer chains.
    Info (332114): Design MTBF is not calculated because the design doesn't meet its timing requirements.
Info: Analyzing Fast 1200mV 0C Model
Info (332097): The following timing edges are non-unate.  The Timing Analyzer will assume pos-unate behavior for these edges in the clock network.
    Info (332098): Cell: load|Mod0|auto_generated|divider|divider|StageOut[36]~62  from: datad  to: combout
    Info (332098): Cell: load|Mod0|auto_generated|divider|divider|StageOut[37]~63  from: datad  to: combout
    Info (332098): Cell: load|Mod0|auto_generated|divider|divider|StageOut[38]~64  from: datad  to: combout
    Info (332098): Cell: load|Mod0|auto_generated|divider|divider|add_sub_7_result_int[1]~0  from: dataa  to: combout
    Info (332098): Cell: load|Mod0|auto_generated|divider|divider|add_sub_7_result_int[1]~0  from: datab  to: combout
    Info (332098): Cell: load|Mod0|auto_generated|divider|divider|add_sub_7_result_int[2]~2  from: cin  to: combout
    Info (332098): Cell: load|Mod0|auto_generated|divider|divider|add_sub_7_result_int[3]~4  from: cin  to: combout
    Info (332098): Cell: speed|Mod0|auto_generated|divider|divider|StageOut[36]~62  from: datad  to: combout
    Info (332098): Cell: speed|Mod0|auto_generated|divider|divider|StageOut[37]~63  from: datad  to: combout
    Info (332098): Cell: speed|Mod0|auto_generated|divider|divider|StageOut[38]~64  from: datad  to: combout
    Info (332098): Cell: speed|Mod0|auto_generated|divider|divider|add_sub_7_result_int[1]~0  from: dataa  to: combout
    Info (332098): Cell: speed|Mod0|auto_generated|divider|divider|add_sub_7_result_int[1]~0  from: datab  to: combout
    Info (332098): Cell: speed|Mod0|auto_generated|divider|divider|add_sub_7_result_int[2]~2  from: cin  to: combout
    Info (332098): Cell: speed|Mod0|auto_generated|divider|divider|add_sub_7_result_int[3]~4  from: cin  to: combout
Info (332123): Deriving Clock Uncertainty. Please refer to report_sdc in the Timing Analyzer to see clock uncertainties.
Critical Warning (332148): Timing requirements not met
Info (332146): Worst-case setup slack is -9.648
    Info (332119):     Slack       End Point TNS Clock 
    Info (332119): ========= =================== =====================
    Info (332119):    -9.648            -394.149 MAX10_CLK1_50 
    Info (332119):    -8.699             -60.143 buffered_data[4][0] 
    Info (332119):    -8.370            -103.715 buffered_data[4][1] 
    Info (332119):    -8.320             -56.923 buffered_data[5][0] 
    Info (332119):    -7.921             -96.983 buffered_data[5][1] 
Info (332146): Worst-case hold slack is 0.149
    Info (332119):     Slack       End Point TNS Clock 
    Info (332119): ========= =================== =====================
    Info (332119):     0.149               0.000 MAX10_CLK1_50 
    Info (332119):     0.538               0.000 buffered_data[5][1] 
    Info (332119):     0.649               0.000 buffered_data[4][1] 
    Info (332119):     1.806               0.000 buffered_data[4][0] 
    Info (332119):     1.854               0.000 buffered_data[5][0] 
Info (332140): No Recovery paths to report
Info (332140): No Removal paths to report
Info (332146): Worst-case minimum pulse width slack is -3.000
    Info (332119):     Slack       End Point TNS Clock 
    Info (332119): ========= =================== =====================
    Info (332119):    -3.000            -202.364 MAX10_CLK1_50 
    Info (332119):    -0.611             -12.708 buffered_data[4][1] 
    Info (332119):    -0.589             -12.278 buffered_data[5][1] 
    Info (332119):     0.330               0.000 buffered_data[4][0] 
    Info (332119):     0.340               0.000 buffered_data[5][0] 
Info (332114): Report Metastability: Found 8 synchronizer chains.
    Info (332114): Design MTBF is not calculated because the design doesn't meet its timing requirements.
Info (332102): Design is not fully constrained for setup requirements
Info (332102): Design is not fully constrained for hold requirements
Info: Quartus Prime Timing Analyzer was successful. 0 errors, 7 warnings
    Info: Peak virtual memory: 4840 megabytes
    Info: Processing ended: Mon Apr 21 21:24:21 2025
    Info: Elapsed time: 00:00:04
    Info: Total CPU time (on all processors): 00:00:04


