Analysis & Synthesis report for OBD2
Mon Apr 21 21:23:53 2025
Quartus Prime Version 23.1std.1 Build 993 05/14/2024 SC Lite Edition


---------------------
; Table of Contents ;
---------------------
  1. Legal Notice
  2. Analysis & Synthesis Summary
  3. Analysis & Synthesis Settings
  4. Parallel Compilation
  5. Analysis & Synthesis Source Files Read
  6. Analysis & Synthesis Resource Usage Summary
  7. Analysis & Synthesis Resource Utilization by Entity
  8. State Machine - |DE10_LITE_Golden_Top|uart_receiver:OBD2_data|uart_rx:rx_byte|state
  9. User-Specified and Inferred Latches
 10. Registers Removed During Synthesis
 11. General Register Statistics
 12. Multiplexer Restructuring Statistics (Restructuring Performed)
 13. Parameter Settings for User Entity Instance: uart_receiver:OBD2_data|uart_rx:rx_byte
 14. Parameter Settings for Inferred Entity Instance: LED_number:speed|lpm_divide:Mod0
 15. Parameter Settings for Inferred Entity Instance: LED_number:speed|lpm_divide:Div0
 16. Parameter Settings for Inferred Entity Instance: LED_number:speed|lpm_divide:Mod1
 17. Parameter Settings for Inferred Entity Instance: LED_number:speed|lpm_divide:Div1
 18. Parameter Settings for Inferred Entity Instance: LED_number:speed|lpm_divide:Mod2
 19. Parameter Settings for Inferred Entity Instance: LED_number:load|lpm_divide:Mod0
 20. Parameter Settings for Inferred Entity Instance: LED_number:load|lpm_divide:Div0
 21. Parameter Settings for Inferred Entity Instance: LED_number:load|lpm_divide:Mod1
 22. Parameter Settings for Inferred Entity Instance: LED_number:load|lpm_divide:Div1
 23. Parameter Settings for Inferred Entity Instance: LED_number:load|lpm_divide:Mod2
 24. Parameter Settings for Inferred Entity Instance: lpm_divide:Mod1
 25. Parameter Settings for Inferred Entity Instance: lpm_divide:Mod0
 26. Post-Synthesis Netlist Statistics for Top Partition
 27. Elapsed Time Per Partition
 28. Analysis & Synthesis Messages
 29. Analysis & Synthesis Suppressed Messages



----------------
; Legal Notice ;
----------------
Copyright (C) 2024  Intel Corporation. All rights reserved.
Your use of Intel Corporation's design tools, logic functions 
and other software and tools, and any partner logic 
functions, and any output files from any of the foregoing 
(including device programming or simulation files), and any 
associated documentation or information are expressly subject 
to the terms and conditions of the Intel Program License 
Subscription Agreement, the Intel Quartus Prime License Agreement,
the Intel FPGA IP License Agreement, or other applicable license
agreement, including, without limitation, that your use is for
the sole purpose of programming logic devices manufactured by
Intel and sold by Intel or its authorized distributors.  Please
refer to the applicable agreement for further details, at
https://fpgasoftware.intel.com/eula.



+-------------------------------------------------------------------------------------+
; Analysis & Synthesis Summary                                                        ;
+------------------------------------+------------------------------------------------+
; Analysis & Synthesis Status        ; Successful - Mon Apr 21 21:23:53 2025          ;
; Quartus Prime Version              ; 23.1std.1 Build 993 05/14/2024 SC Lite Edition ;
; Revision Name                      ; OBD2                                           ;
; Top-level Entity Name              ; DE10_LITE_Golden_Top                           ;
; Family                             ; MAX 10                                         ;
; Total logic elements               ; 841                                            ;
;     Total combinational functions  ; 740                                            ;
;     Dedicated logic registers      ; 170                                            ;
; Total registers                    ; 170                                            ;
; Total pins                         ; 80                                             ;
; Total virtual pins                 ; 0                                              ;
; Total memory bits                  ; 0                                              ;
; Embedded Multiplier 9-bit elements ; 0                                              ;
; Total PLLs                         ; 0                                              ;
; UFM blocks                         ; 0                                              ;
; ADC blocks                         ; 0                                              ;
+------------------------------------+------------------------------------------------+


+--------------------------------------------------------------------------------------------------------------+
; Analysis & Synthesis Settings                                                                                ;
+------------------------------------------------------------------+----------------------+--------------------+
; Option                                                           ; Setting              ; Default Value      ;
+------------------------------------------------------------------+----------------------+--------------------+
; Device                                                           ; 10M50DAF484C6GES     ;                    ;
; Top-level entity name                                            ; DE10_LITE_Golden_Top ; OBD2               ;
; Family name                                                      ; MAX 10               ; Cyclone V          ;
; Use smart compilation                                            ; Off                  ; Off                ;
; Enable parallel Assembler and Timing Analyzer during compilation ; On                   ; On                 ;
; Enable compact report table                                      ; Off                  ; Off                ;
; Restructure Multiplexers                                         ; Auto                 ; Auto               ;
; Create Debugging Nodes for IP Cores                              ; Off                  ; Off                ;
; Preserve fewer node names                                        ; On                   ; On                 ;
; Intel FPGA IP Evaluation Mode                                    ; Enable               ; Enable             ;
; Verilog Version                                                  ; Verilog_2001         ; Verilog_2001       ;
; VHDL Version                                                     ; VHDL_1993            ; VHDL_1993          ;
; State Machine Processing                                         ; Auto                 ; Auto               ;
; Safe State Machine                                               ; Off                  ; Off                ;
; Extract Verilog State Machines                                   ; On                   ; On                 ;
; Extract VHDL State Machines                                      ; On                   ; On                 ;
; Ignore Verilog initial constructs                                ; Off                  ; Off                ;
; Iteration limit for constant Verilog loops                       ; 5000                 ; 5000               ;
; Iteration limit for non-constant Verilog loops                   ; 250                  ; 250                ;
; Add Pass-Through Logic to Inferred RAMs                          ; On                   ; On                 ;
; Infer RAMs from Raw Logic                                        ; On                   ; On                 ;
; Parallel Synthesis                                               ; On                   ; On                 ;
; DSP Block Balancing                                              ; Auto                 ; Auto               ;
; NOT Gate Push-Back                                               ; On                   ; On                 ;
; Power-Up Don't Care                                              ; On                   ; On                 ;
; Remove Redundant Logic Cells                                     ; Off                  ; Off                ;
; Remove Duplicate Registers                                       ; On                   ; On                 ;
; Ignore CARRY Buffers                                             ; Off                  ; Off                ;
; Ignore CASCADE Buffers                                           ; Off                  ; Off                ;
; Ignore GLOBAL Buffers                                            ; Off                  ; Off                ;
; Ignore ROW GLOBAL Buffers                                        ; Off                  ; Off                ;
; Ignore LCELL Buffers                                             ; Off                  ; Off                ;
; Ignore SOFT Buffers                                              ; On                   ; On                 ;
; Limit AHDL Integers to 32 Bits                                   ; Off                  ; Off                ;
; Optimization Technique                                           ; Balanced             ; Balanced           ;
; Carry Chain Length                                               ; 70                   ; 70                 ;
; Auto Carry Chains                                                ; On                   ; On                 ;
; Auto Open-Drain Pins                                             ; On                   ; On                 ;
; Perform WYSIWYG Primitive Resynthesis                            ; Off                  ; Off                ;
; Auto ROM Replacement                                             ; On                   ; On                 ;
; Auto RAM Replacement                                             ; On                   ; On                 ;
; Auto DSP Block Replacement                                       ; On                   ; On                 ;
; Auto Shift Register Replacement                                  ; Auto                 ; Auto               ;
; Allow Shift Register Merging across Hierarchies                  ; Auto                 ; Auto               ;
; Auto Clock Enable Replacement                                    ; On                   ; On                 ;
; Strict RAM Replacement                                           ; Off                  ; Off                ;
; Allow Synchronous Control Signals                                ; On                   ; On                 ;
; Force Use of Synchronous Clear Signals                           ; Off                  ; Off                ;
; Auto RAM Block Balancing                                         ; On                   ; On                 ;
; Auto RAM to Logic Cell Conversion                                ; Off                  ; Off                ;
; Auto Resource Sharing                                            ; Off                  ; Off                ;
; Allow Any RAM Size For Recognition                               ; Off                  ; Off                ;
; Allow Any ROM Size For Recognition                               ; Off                  ; Off                ;
; Allow Any Shift Register Size For Recognition                    ; Off                  ; Off                ;
; Use LogicLock Constraints during Resource Balancing              ; On                   ; On                 ;
; Ignore translate_off and synthesis_off directives                ; Off                  ; Off                ;
; Timing-Driven Synthesis                                          ; On                   ; On                 ;
; Report Parameter Settings                                        ; On                   ; On                 ;
; Report Source Assignments                                        ; On                   ; On                 ;
; Report Connectivity Checks                                       ; On                   ; On                 ;
; Ignore Maximum Fan-Out Assignments                               ; Off                  ; Off                ;
; Synchronization Register Chain Length                            ; 2                    ; 2                  ;
; Power Optimization During Synthesis                              ; Normal compilation   ; Normal compilation ;
; HDL message level                                                ; Level2               ; Level2             ;
; Suppress Register Optimization Related Messages                  ; Off                  ; Off                ;
; Number of Removed Registers Reported in Synthesis Report         ; 5000                 ; 5000               ;
; Number of Swept Nodes Reported in Synthesis Report               ; 5000                 ; 5000               ;
; Number of Inverted Registers Reported in Synthesis Report        ; 100                  ; 100                ;
; Clock MUX Protection                                             ; On                   ; On                 ;
; Auto Gated Clock Conversion                                      ; Off                  ; Off                ;
; Block Design Naming                                              ; Auto                 ; Auto               ;
; SDC constraint protection                                        ; Off                  ; Off                ;
; Synthesis Effort                                                 ; Auto                 ; Auto               ;
; Shift Register Replacement - Allow Asynchronous Clear Signal     ; On                   ; On                 ;
; Pre-Mapping Resynthesis Optimization                             ; Off                  ; Off                ;
; Analysis & Synthesis Message Level                               ; Medium               ; Medium             ;
; Disable Register Merging Across Hierarchies                      ; Auto                 ; Auto               ;
; Resource Aware Inference For Block RAM                           ; On                   ; On                 ;
+------------------------------------------------------------------+----------------------+--------------------+


+------------------------------------------+
; Parallel Compilation                     ;
+----------------------------+-------------+
; Processors                 ; Number      ;
+----------------------------+-------------+
; Number detected on machine ; 8           ;
; Maximum allowed            ; 4           ;
;                            ;             ;
; Average used               ; 1.00        ;
; Maximum used               ; 4           ;
;                            ;             ;
; Usage by Processor         ; % Time Used ;
;     Processor 1            ; 100.0%      ;
;     Processors 2-4         ;   0.0%      ;
+----------------------------+-------------+


+-----------------------------------------------------------------------------------------------------------------------------------------------------------------------------+
; Analysis & Synthesis Source Files Read                                                                                                                                      ;
+----------------------------------+-----------------+------------------------------+-------------------------------------------------------------------------------+---------+
; File Name with User-Entered Path ; Used in Netlist ; File Type                    ; File Name with Absolute Path                                                  ; Library ;
+----------------------------------+-----------------+------------------------------+-------------------------------------------------------------------------------+---------+
; DE10_LITE_Golden_Top.v           ; yes             ; User Verilog HDL File        ; C:/ETA Software/DE-10 Lite/OBD2_Scanner/DE10_LITE_Golden_Top.v                ;         ;
; LED_number.v                     ; yes             ; User Verilog HDL File        ; C:/ETA Software/DE-10 Lite/OBD2_Scanner/LED_number.v                          ;         ;
; uart_receiver.v                  ; yes             ; User Verilog HDL File        ; C:/ETA Software/DE-10 Lite/OBD2_Scanner/uart_receiver.v                       ;         ;
; uart_rx.v                        ; yes             ; User Verilog HDL File        ; C:/ETA Software/DE-10 Lite/OBD2_Scanner/uart_rx.v                             ;         ;
; light_number.v                   ; yes             ; User Verilog HDL File        ; C:/ETA Software/DE-10 Lite/OBD2_Scanner/light_number.v                        ;         ;
; lpm_divide.tdf                   ; yes             ; Megafunction                 ; c:/intelfpga_lite/23.1std/quartus/libraries/megafunctions/lpm_divide.tdf      ;         ;
; abs_divider.inc                  ; yes             ; Megafunction                 ; c:/intelfpga_lite/23.1std/quartus/libraries/megafunctions/abs_divider.inc     ;         ;
; sign_div_unsign.inc              ; yes             ; Megafunction                 ; c:/intelfpga_lite/23.1std/quartus/libraries/megafunctions/sign_div_unsign.inc ;         ;
; aglobal231.inc                   ; yes             ; Megafunction                 ; c:/intelfpga_lite/23.1std/quartus/libraries/megafunctions/aglobal231.inc      ;         ;
; db/lpm_divide_ckl.tdf            ; yes             ; Auto-Generated Megafunction  ; C:/ETA Software/DE-10 Lite/OBD2_Scanner/db/lpm_divide_ckl.tdf                 ;         ;
; db/sign_div_unsign_bkh.tdf       ; yes             ; Auto-Generated Megafunction  ; C:/ETA Software/DE-10 Lite/OBD2_Scanner/db/sign_div_unsign_bkh.tdf            ;         ;
; db/alt_u_div_0fe.tdf             ; yes             ; Auto-Generated Megafunction  ; C:/ETA Software/DE-10 Lite/OBD2_Scanner/db/alt_u_div_0fe.tdf                  ;         ;
; db/add_sub_t3c.tdf               ; yes             ; Auto-Generated Megafunction  ; C:/ETA Software/DE-10 Lite/OBD2_Scanner/db/add_sub_t3c.tdf                    ;         ;
; db/add_sub_u3c.tdf               ; yes             ; Auto-Generated Megafunction  ; C:/ETA Software/DE-10 Lite/OBD2_Scanner/db/add_sub_u3c.tdf                    ;         ;
; db/lpm_divide_9sl.tdf            ; yes             ; Auto-Generated Megafunction  ; C:/ETA Software/DE-10 Lite/OBD2_Scanner/db/lpm_divide_9sl.tdf                 ;         ;
; db/lpm_divide_csl.tdf            ; yes             ; Auto-Generated Megafunction  ; C:/ETA Software/DE-10 Lite/OBD2_Scanner/db/lpm_divide_csl.tdf                 ;         ;
; db/sign_div_unsign_ekh.tdf       ; yes             ; Auto-Generated Megafunction  ; C:/ETA Software/DE-10 Lite/OBD2_Scanner/db/sign_div_unsign_ekh.tdf            ;         ;
; db/alt_u_div_6fe.tdf             ; yes             ; Auto-Generated Megafunction  ; C:/ETA Software/DE-10 Lite/OBD2_Scanner/db/alt_u_div_6fe.tdf                  ;         ;
; db/lpm_divide_oll.tdf            ; yes             ; Auto-Generated Megafunction  ; C:/ETA Software/DE-10 Lite/OBD2_Scanner/db/lpm_divide_oll.tdf                 ;         ;
; db/sign_div_unsign_nlh.tdf       ; yes             ; Auto-Generated Megafunction  ; C:/ETA Software/DE-10 Lite/OBD2_Scanner/db/sign_div_unsign_nlh.tdf            ;         ;
; db/alt_u_div_ohe.tdf             ; yes             ; Auto-Generated Megafunction  ; C:/ETA Software/DE-10 Lite/OBD2_Scanner/db/alt_u_div_ohe.tdf                  ;         ;
; db/lpm_divide_kll.tdf            ; yes             ; Auto-Generated Megafunction  ; C:/ETA Software/DE-10 Lite/OBD2_Scanner/db/lpm_divide_kll.tdf                 ;         ;
; db/sign_div_unsign_jlh.tdf       ; yes             ; Auto-Generated Megafunction  ; C:/ETA Software/DE-10 Lite/OBD2_Scanner/db/sign_div_unsign_jlh.tdf            ;         ;
; db/alt_u_div_ghe.tdf             ; yes             ; Auto-Generated Megafunction  ; C:/ETA Software/DE-10 Lite/OBD2_Scanner/db/alt_u_div_ghe.tdf                  ;         ;
+----------------------------------+-----------------+------------------------------+-------------------------------------------------------------------------------+---------+


+-------------------------------------------------------------------+
; Analysis & Synthesis Resource Usage Summary                       ;
+---------------------------------------------+---------------------+
; Resource                                    ; Usage               ;
+---------------------------------------------+---------------------+
; Estimated Total logic elements              ; 841                 ;
;                                             ;                     ;
; Total combinational functions               ; 740                 ;
; Logic element usage by number of LUT inputs ;                     ;
;     -- 4 input functions                    ; 178                 ;
;     -- 3 input functions                    ; 197                 ;
;     -- <=2 input functions                  ; 365                 ;
;                                             ;                     ;
; Logic elements by mode                      ;                     ;
;     -- normal mode                          ; 541                 ;
;     -- arithmetic mode                      ; 199                 ;
;                                             ;                     ;
; Total registers                             ; 170                 ;
;     -- Dedicated logic registers            ; 170                 ;
;     -- I/O registers                        ; 0                   ;
;                                             ;                     ;
; I/O pins                                    ; 80                  ;
;                                             ;                     ;
; Embedded Multiplier 9-bit elements          ; 0                   ;
;                                             ;                     ;
; Maximum fan-out node                        ; MAX10_CLK1_50~input ;
; Maximum fan-out                             ; 170                 ;
; Total fan-out                               ; 2568                ;
; Average fan-out                             ; 2.36                ;
+---------------------------------------------+---------------------+


+-------------------------------------------------------------------------------------------------------------------------------------------------------------------------------------------------------------------------------------------------------------------------------------------------------------------------------------------------------------------------------+
; Analysis & Synthesis Resource Utilization by Entity                                                                                                                                                                                                                                                                                                                           ;
+-------------------------------------------+---------------------+---------------------------+-------------+------------+--------------+---------+-----------+------+--------------+------------+----------------------------------------------------------------------------------------------------------------------------------------+----------------------+--------------+
; Compilation Hierarchy Node                ; Combinational ALUTs ; Dedicated Logic Registers ; Memory Bits ; UFM Blocks ; DSP Elements ; DSP 9x9 ; DSP 18x18 ; Pins ; Virtual Pins ; ADC blocks ; Full Hierarchy Name                                                                                                                    ; Entity Name          ; Library Name ;
+-------------------------------------------+---------------------+---------------------------+-------------+------------+--------------+---------+-----------+------+--------------+------------+----------------------------------------------------------------------------------------------------------------------------------------+----------------------+--------------+
; |DE10_LITE_Golden_Top                     ; 740 (60)            ; 170 (90)                  ; 0           ; 0          ; 0            ; 0       ; 0         ; 80   ; 0            ; 0          ; |DE10_LITE_Golden_Top                                                                                                                  ; DE10_LITE_Golden_Top ; work         ;
;    |LED_number:load|                      ; 199 (2)             ; 0 (0)                     ; 0           ; 0          ; 0            ; 0       ; 0         ; 0    ; 0            ; 0          ; |DE10_LITE_Golden_Top|LED_number:load                                                                                                  ; LED_number           ; work         ;
;       |lpm_divide:Div0|                   ; 56 (0)              ; 0 (0)                     ; 0           ; 0          ; 0            ; 0       ; 0         ; 0    ; 0            ; 0          ; |DE10_LITE_Golden_Top|LED_number:load|lpm_divide:Div0                                                                                  ; lpm_divide           ; work         ;
;          |lpm_divide_9sl:auto_generated|  ; 56 (0)              ; 0 (0)                     ; 0           ; 0          ; 0            ; 0       ; 0         ; 0    ; 0            ; 0          ; |DE10_LITE_Golden_Top|LED_number:load|lpm_divide:Div0|lpm_divide_9sl:auto_generated                                                    ; lpm_divide_9sl       ; work         ;
;             |sign_div_unsign_bkh:divider| ; 56 (0)              ; 0 (0)                     ; 0           ; 0          ; 0            ; 0       ; 0         ; 0    ; 0            ; 0          ; |DE10_LITE_Golden_Top|LED_number:load|lpm_divide:Div0|lpm_divide_9sl:auto_generated|sign_div_unsign_bkh:divider                        ; sign_div_unsign_bkh  ; work         ;
;                |alt_u_div_0fe:divider|    ; 56 (56)             ; 0 (0)                     ; 0           ; 0          ; 0            ; 0       ; 0         ; 0    ; 0            ; 0          ; |DE10_LITE_Golden_Top|LED_number:load|lpm_divide:Div0|lpm_divide_9sl:auto_generated|sign_div_unsign_bkh:divider|alt_u_div_0fe:divider  ; alt_u_div_0fe        ; work         ;
;       |lpm_divide:Div1|                   ; 25 (0)              ; 0 (0)                     ; 0           ; 0          ; 0            ; 0       ; 0         ; 0    ; 0            ; 0          ; |DE10_LITE_Golden_Top|LED_number:load|lpm_divide:Div1                                                                                  ; lpm_divide           ; work         ;
;          |lpm_divide_csl:auto_generated|  ; 25 (0)              ; 0 (0)                     ; 0           ; 0          ; 0            ; 0       ; 0         ; 0    ; 0            ; 0          ; |DE10_LITE_Golden_Top|LED_number:load|lpm_divide:Div1|lpm_divide_csl:auto_generated                                                    ; lpm_divide_csl       ; work         ;
;             |sign_div_unsign_ekh:divider| ; 25 (0)              ; 0 (0)                     ; 0           ; 0          ; 0            ; 0       ; 0         ; 0    ; 0            ; 0          ; |DE10_LITE_Golden_Top|LED_number:load|lpm_divide:Div1|lpm_divide_csl:auto_generated|sign_div_unsign_ekh:divider                        ; sign_div_unsign_ekh  ; work         ;
;                |alt_u_div_6fe:divider|    ; 25 (25)             ; 0 (0)                     ; 0           ; 0          ; 0            ; 0       ; 0         ; 0    ; 0            ; 0          ; |DE10_LITE_Golden_Top|LED_number:load|lpm_divide:Div1|lpm_divide_csl:auto_generated|sign_div_unsign_ekh:divider|alt_u_div_6fe:divider  ; alt_u_div_6fe        ; work         ;
;       |lpm_divide:Mod0|                   ; 59 (0)              ; 0 (0)                     ; 0           ; 0          ; 0            ; 0       ; 0         ; 0    ; 0            ; 0          ; |DE10_LITE_Golden_Top|LED_number:load|lpm_divide:Mod0                                                                                  ; lpm_divide           ; work         ;
;          |lpm_divide_ckl:auto_generated|  ; 59 (0)              ; 0 (0)                     ; 0           ; 0          ; 0            ; 0       ; 0         ; 0    ; 0            ; 0          ; |DE10_LITE_Golden_Top|LED_number:load|lpm_divide:Mod0|lpm_divide_ckl:auto_generated                                                    ; lpm_divide_ckl       ; work         ;
;             |sign_div_unsign_bkh:divider| ; 59 (0)              ; 0 (0)                     ; 0           ; 0          ; 0            ; 0       ; 0         ; 0    ; 0            ; 0          ; |DE10_LITE_Golden_Top|LED_number:load|lpm_divide:Mod0|lpm_divide_ckl:auto_generated|sign_div_unsign_bkh:divider                        ; sign_div_unsign_bkh  ; work         ;
;                |alt_u_div_0fe:divider|    ; 59 (59)             ; 0 (0)                     ; 0           ; 0          ; 0            ; 0       ; 0         ; 0    ; 0            ; 0          ; |DE10_LITE_Golden_Top|LED_number:load|lpm_divide:Mod0|lpm_divide_ckl:auto_generated|sign_div_unsign_bkh:divider|alt_u_div_0fe:divider  ; alt_u_div_0fe        ; work         ;
;       |lpm_divide:Mod1|                   ; 21 (0)              ; 0 (0)                     ; 0           ; 0          ; 0            ; 0       ; 0         ; 0    ; 0            ; 0          ; |DE10_LITE_Golden_Top|LED_number:load|lpm_divide:Mod1                                                                                  ; lpm_divide           ; work         ;
;          |lpm_divide_ckl:auto_generated|  ; 21 (0)              ; 0 (0)                     ; 0           ; 0          ; 0            ; 0       ; 0         ; 0    ; 0            ; 0          ; |DE10_LITE_Golden_Top|LED_number:load|lpm_divide:Mod1|lpm_divide_ckl:auto_generated                                                    ; lpm_divide_ckl       ; work         ;
;             |sign_div_unsign_bkh:divider| ; 21 (0)              ; 0 (0)                     ; 0           ; 0          ; 0            ; 0       ; 0         ; 0    ; 0            ; 0          ; |DE10_LITE_Golden_Top|LED_number:load|lpm_divide:Mod1|lpm_divide_ckl:auto_generated|sign_div_unsign_bkh:divider                        ; sign_div_unsign_bkh  ; work         ;
;                |alt_u_div_0fe:divider|    ; 21 (21)             ; 0 (0)                     ; 0           ; 0          ; 0            ; 0       ; 0         ; 0    ; 0            ; 0          ; |DE10_LITE_Golden_Top|LED_number:load|lpm_divide:Mod1|lpm_divide_ckl:auto_generated|sign_div_unsign_bkh:divider|alt_u_div_0fe:divider  ; alt_u_div_0fe        ; work         ;
;       |segment_display:digit0|            ; 15 (15)             ; 0 (0)                     ; 0           ; 0          ; 0            ; 0       ; 0         ; 0    ; 0            ; 0          ; |DE10_LITE_Golden_Top|LED_number:load|segment_display:digit0                                                                           ; segment_display      ; work         ;
;       |segment_display:digit1|            ; 15 (15)             ; 0 (0)                     ; 0           ; 0          ; 0            ; 0       ; 0         ; 0    ; 0            ; 0          ; |DE10_LITE_Golden_Top|LED_number:load|segment_display:digit1                                                                           ; segment_display      ; work         ;
;       |segment_display:digit2|            ; 6 (6)               ; 0 (0)                     ; 0           ; 0          ; 0            ; 0       ; 0         ; 0    ; 0            ; 0          ; |DE10_LITE_Golden_Top|LED_number:load|segment_display:digit2                                                                           ; segment_display      ; work         ;
;    |LED_number:speed|                     ; 200 (2)             ; 0 (0)                     ; 0           ; 0          ; 0            ; 0       ; 0         ; 0    ; 0            ; 0          ; |DE10_LITE_Golden_Top|LED_number:speed                                                                                                 ; LED_number           ; work         ;
;       |lpm_divide:Div0|                   ; 56 (0)              ; 0 (0)                     ; 0           ; 0          ; 0            ; 0       ; 0         ; 0    ; 0            ; 0          ; |DE10_LITE_Golden_Top|LED_number:speed|lpm_divide:Div0                                                                                 ; lpm_divide           ; work         ;
;          |lpm_divide_9sl:auto_generated|  ; 56 (0)              ; 0 (0)                     ; 0           ; 0          ; 0            ; 0       ; 0         ; 0    ; 0            ; 0          ; |DE10_LITE_Golden_Top|LED_number:speed|lpm_divide:Div0|lpm_divide_9sl:auto_generated                                                   ; lpm_divide_9sl       ; work         ;
;             |sign_div_unsign_bkh:divider| ; 56 (0)              ; 0 (0)                     ; 0           ; 0          ; 0            ; 0       ; 0         ; 0    ; 0            ; 0          ; |DE10_LITE_Golden_Top|LED_number:speed|lpm_divide:Div0|lpm_divide_9sl:auto_generated|sign_div_unsign_bkh:divider                       ; sign_div_unsign_bkh  ; work         ;
;                |alt_u_div_0fe:divider|    ; 56 (56)             ; 0 (0)                     ; 0           ; 0          ; 0            ; 0       ; 0         ; 0    ; 0            ; 0          ; |DE10_LITE_Golden_Top|LED_number:speed|lpm_divide:Div0|lpm_divide_9sl:auto_generated|sign_div_unsign_bkh:divider|alt_u_div_0fe:divider ; alt_u_div_0fe        ; work         ;
;       |lpm_divide:Div1|                   ; 25 (0)              ; 0 (0)                     ; 0           ; 0          ; 0            ; 0       ; 0         ; 0    ; 0            ; 0          ; |DE10_LITE_Golden_Top|LED_number:speed|lpm_divide:Div1                                                                                 ; lpm_divide           ; work         ;
;          |lpm_divide_csl:auto_generated|  ; 25 (0)              ; 0 (0)                     ; 0           ; 0          ; 0            ; 0       ; 0         ; 0    ; 0            ; 0          ; |DE10_LITE_Golden_Top|LED_number:speed|lpm_divide:Div1|lpm_divide_csl:auto_generated                                                   ; lpm_divide_csl       ; work         ;
;             |sign_div_unsign_ekh:divider| ; 25 (0)              ; 0 (0)                     ; 0           ; 0          ; 0            ; 0       ; 0         ; 0    ; 0            ; 0          ; |DE10_LITE_Golden_Top|LED_number:speed|lpm_divide:Div1|lpm_divide_csl:auto_generated|sign_div_unsign_ekh:divider                       ; sign_div_unsign_ekh  ; work         ;
;                |alt_u_div_6fe:divider|    ; 25 (25)             ; 0 (0)                     ; 0           ; 0          ; 0            ; 0       ; 0         ; 0    ; 0            ; 0          ; |DE10_LITE_Golden_Top|LED_number:speed|lpm_divide:Div1|lpm_divide_csl:auto_generated|sign_div_unsign_ekh:divider|alt_u_div_6fe:divider ; alt_u_div_6fe        ; work         ;
;       |lpm_divide:Mod0|                   ; 59 (0)              ; 0 (0)                     ; 0           ; 0          ; 0            ; 0       ; 0         ; 0    ; 0            ; 0          ; |DE10_LITE_Golden_Top|LED_number:speed|lpm_divide:Mod0                                                                                 ; lpm_divide           ; work         ;
;          |lpm_divide_ckl:auto_generated|  ; 59 (0)              ; 0 (0)                     ; 0           ; 0          ; 0            ; 0       ; 0         ; 0    ; 0            ; 0          ; |DE10_LITE_Golden_Top|LED_number:speed|lpm_divide:Mod0|lpm_divide_ckl:auto_generated                                                   ; lpm_divide_ckl       ; work         ;
;             |sign_div_unsign_bkh:divider| ; 59 (0)              ; 0 (0)                     ; 0           ; 0          ; 0            ; 0       ; 0         ; 0    ; 0            ; 0          ; |DE10_LITE_Golden_Top|LED_number:speed|lpm_divide:Mod0|lpm_divide_ckl:auto_generated|sign_div_unsign_bkh:divider                       ; sign_div_unsign_bkh  ; work         ;
;                |alt_u_div_0fe:divider|    ; 59 (59)             ; 0 (0)                     ; 0           ; 0          ; 0            ; 0       ; 0         ; 0    ; 0            ; 0          ; |DE10_LITE_Golden_Top|LED_number:speed|lpm_divide:Mod0|lpm_divide_ckl:auto_generated|sign_div_unsign_bkh:divider|alt_u_div_0fe:divider ; alt_u_div_0fe        ; work         ;
;       |lpm_divide:Mod1|                   ; 22 (0)              ; 0 (0)                     ; 0           ; 0          ; 0            ; 0       ; 0         ; 0    ; 0            ; 0          ; |DE10_LITE_Golden_Top|LED_number:speed|lpm_divide:Mod1                                                                                 ; lpm_divide           ; work         ;
;          |lpm_divide_ckl:auto_generated|  ; 22 (0)              ; 0 (0)                     ; 0           ; 0          ; 0            ; 0       ; 0         ; 0    ; 0            ; 0          ; |DE10_LITE_Golden_Top|LED_number:speed|lpm_divide:Mod1|lpm_divide_ckl:auto_generated                                                   ; lpm_divide_ckl       ; work         ;
;             |sign_div_unsign_bkh:divider| ; 22 (0)              ; 0 (0)                     ; 0           ; 0          ; 0            ; 0       ; 0         ; 0    ; 0            ; 0          ; |DE10_LITE_Golden_Top|LED_number:speed|lpm_divide:Mod1|lpm_divide_ckl:auto_generated|sign_div_unsign_bkh:divider                       ; sign_div_unsign_bkh  ; work         ;
;                |alt_u_div_0fe:divider|    ; 22 (22)             ; 0 (0)                     ; 0           ; 0          ; 0            ; 0       ; 0         ; 0    ; 0            ; 0          ; |DE10_LITE_Golden_Top|LED_number:speed|lpm_divide:Mod1|lpm_divide_ckl:auto_generated|sign_div_unsign_bkh:divider|alt_u_div_0fe:divider ; alt_u_div_0fe        ; work         ;
;       |segment_display:digit0|            ; 15 (15)             ; 0 (0)                     ; 0           ; 0          ; 0            ; 0       ; 0         ; 0    ; 0            ; 0          ; |DE10_LITE_Golden_Top|LED_number:speed|segment_display:digit0                                                                          ; segment_display      ; work         ;
;       |segment_display:digit1|            ; 15 (15)             ; 0 (0)                     ; 0           ; 0          ; 0            ; 0       ; 0         ; 0    ; 0            ; 0          ; |DE10_LITE_Golden_Top|LED_number:speed|segment_display:digit1                                                                          ; segment_display      ; work         ;
;       |segment_display:digit2|            ; 6 (6)               ; 0 (0)                     ; 0           ; 0          ; 0            ; 0       ; 0         ; 0    ; 0            ; 0          ; |DE10_LITE_Golden_Top|LED_number:speed|segment_display:digit2                                                                          ; segment_display      ; work         ;
;    |light_number:tach|                    ; 46 (46)             ; 22 (22)                   ; 0           ; 0          ; 0            ; 0       ; 0         ; 0    ; 0            ; 0          ; |DE10_LITE_Golden_Top|light_number:tach                                                                                                ; light_number         ; work         ;
;    |lpm_divide:Mod0|                      ; 75 (0)              ; 0 (0)                     ; 0           ; 0          ; 0            ; 0       ; 0         ; 0    ; 0            ; 0          ; |DE10_LITE_Golden_Top|lpm_divide:Mod0                                                                                                  ; lpm_divide           ; work         ;
;       |lpm_divide_kll:auto_generated|     ; 75 (0)              ; 0 (0)                     ; 0           ; 0          ; 0            ; 0       ; 0         ; 0    ; 0            ; 0          ; |DE10_LITE_Golden_Top|lpm_divide:Mod0|lpm_divide_kll:auto_generated                                                                    ; lpm_divide_kll       ; work         ;
;          |sign_div_unsign_jlh:divider|    ; 75 (0)              ; 0 (0)                     ; 0           ; 0          ; 0            ; 0       ; 0         ; 0    ; 0            ; 0          ; |DE10_LITE_Golden_Top|lpm_divide:Mod0|lpm_divide_kll:auto_generated|sign_div_unsign_jlh:divider                                        ; sign_div_unsign_jlh  ; work         ;
;             |alt_u_div_ghe:divider|       ; 75 (75)             ; 0 (0)                     ; 0           ; 0          ; 0            ; 0       ; 0         ; 0    ; 0            ; 0          ; |DE10_LITE_Golden_Top|lpm_divide:Mod0|lpm_divide_kll:auto_generated|sign_div_unsign_jlh:divider|alt_u_div_ghe:divider                  ; alt_u_div_ghe        ; work         ;
;    |lpm_divide:Mod1|                      ; 94 (0)              ; 0 (0)                     ; 0           ; 0          ; 0            ; 0       ; 0         ; 0    ; 0            ; 0          ; |DE10_LITE_Golden_Top|lpm_divide:Mod1                                                                                                  ; lpm_divide           ; work         ;
;       |lpm_divide_oll:auto_generated|     ; 94 (0)              ; 0 (0)                     ; 0           ; 0          ; 0            ; 0       ; 0         ; 0    ; 0            ; 0          ; |DE10_LITE_Golden_Top|lpm_divide:Mod1|lpm_divide_oll:auto_generated                                                                    ; lpm_divide_oll       ; work         ;
;          |sign_div_unsign_nlh:divider|    ; 94 (0)              ; 0 (0)                     ; 0           ; 0          ; 0            ; 0       ; 0         ; 0    ; 0            ; 0          ; |DE10_LITE_Golden_Top|lpm_divide:Mod1|lpm_divide_oll:auto_generated|sign_div_unsign_nlh:divider                                        ; sign_div_unsign_nlh  ; work         ;
;             |alt_u_div_ohe:divider|       ; 94 (94)             ; 0 (0)                     ; 0           ; 0          ; 0            ; 0       ; 0         ; 0    ; 0            ; 0          ; |DE10_LITE_Golden_Top|lpm_divide:Mod1|lpm_divide_oll:auto_generated|sign_div_unsign_nlh:divider|alt_u_div_ohe:divider                  ; alt_u_div_ohe        ; work         ;
;    |uart_receiver:OBD2_data|              ; 66 (0)              ; 58 (8)                    ; 0           ; 0          ; 0            ; 0       ; 0         ; 0    ; 0            ; 0          ; |DE10_LITE_Golden_Top|uart_receiver:OBD2_data                                                                                          ; uart_receiver        ; work         ;
;       |uart_rx:rx_byte|                   ; 66 (66)             ; 50 (50)                   ; 0           ; 0          ; 0            ; 0       ; 0         ; 0    ; 0            ; 0          ; |DE10_LITE_Golden_Top|uart_receiver:OBD2_data|uart_rx:rx_byte                                                                          ; uart_rx              ; work         ;
+-------------------------------------------+---------------------+---------------------------+-------------+------------+--------------+---------+-----------+------+--------------+------------+----------------------------------------------------------------------------------------------------------------------------------------+----------------------+--------------+
Note: For table entries with two numbers listed, the numbers in parentheses indicate the number of resources of the given type used by the specific entity alone. The numbers listed outside of parentheses indicate the total resources of the given type used by the specific entity and all of its sub-entities in the hierarchy.


Encoding Type:  One-Hot
+-------------------------------------------------------------------------------------+
; State Machine - |DE10_LITE_Golden_Top|uart_receiver:OBD2_data|uart_rx:rx_byte|state ;
+----------+----------+----------+----------------------------------------------------+
; Name     ; state.00 ; state.10 ; state.01                                           ;
+----------+----------+----------+----------------------------------------------------+
; state.00 ; 0        ; 0        ; 0                                                  ;
; state.01 ; 1        ; 0        ; 1                                                  ;
; state.10 ; 1        ; 1        ; 0                                                  ;
+----------+----------+----------+----------------------------------------------------+


+---------------------------------------------------------------------------------------------------------------------------------+
; User-Specified and Inferred Latches                                                                                             ;
+---------------------------------------------------------+----------------------------------------------+------------------------+
; Latch Name                                              ; Latch Enable Signal                          ; Free of Timing Hazards ;
+---------------------------------------------------------+----------------------------------------------+------------------------+
; LED_number:speed|segment_display:digit0|HEX_location[0] ; LED_number:speed|segment_display:digit0|Mux7 ; yes                    ;
; LED_number:speed|segment_display:digit0|HEX_location[1] ; LED_number:speed|segment_display:digit0|Mux7 ; yes                    ;
; LED_number:speed|segment_display:digit0|HEX_location[2] ; LED_number:speed|segment_display:digit0|Mux7 ; yes                    ;
; LED_number:speed|segment_display:digit0|HEX_location[3] ; LED_number:speed|segment_display:digit0|Mux7 ; yes                    ;
; LED_number:speed|segment_display:digit0|HEX_location[4] ; LED_number:speed|segment_display:digit0|Mux7 ; yes                    ;
; LED_number:speed|segment_display:digit0|HEX_location[5] ; LED_number:speed|segment_display:digit0|Mux7 ; yes                    ;
; LED_number:speed|segment_display:digit0|HEX_location[6] ; LED_number:speed|segment_display:digit0|Mux7 ; yes                    ;
; LED_number:speed|segment_display:digit1|HEX_location[0] ; LED_number:speed|segment_display:digit1|Mux7 ; yes                    ;
; LED_number:speed|segment_display:digit1|HEX_location[1] ; LED_number:speed|segment_display:digit1|Mux7 ; yes                    ;
; LED_number:speed|segment_display:digit1|HEX_location[2] ; LED_number:speed|segment_display:digit1|Mux7 ; yes                    ;
; LED_number:speed|segment_display:digit1|HEX_location[3] ; LED_number:speed|segment_display:digit1|Mux7 ; yes                    ;
; LED_number:speed|segment_display:digit1|HEX_location[4] ; LED_number:speed|segment_display:digit1|Mux7 ; yes                    ;
; LED_number:speed|segment_display:digit1|HEX_location[5] ; LED_number:speed|segment_display:digit1|Mux7 ; yes                    ;
; LED_number:speed|segment_display:digit1|HEX_location[6] ; LED_number:speed|segment_display:digit1|Mux7 ; yes                    ;
; LED_number:load|segment_display:digit0|HEX_location[0]  ; LED_number:load|segment_display:digit0|Mux7  ; yes                    ;
; LED_number:load|segment_display:digit0|HEX_location[1]  ; LED_number:load|segment_display:digit0|Mux7  ; yes                    ;
; LED_number:load|segment_display:digit0|HEX_location[2]  ; LED_number:load|segment_display:digit0|Mux7  ; yes                    ;
; LED_number:load|segment_display:digit0|HEX_location[3]  ; LED_number:load|segment_display:digit0|Mux7  ; yes                    ;
; LED_number:load|segment_display:digit0|HEX_location[4]  ; LED_number:load|segment_display:digit0|Mux7  ; yes                    ;
; LED_number:load|segment_display:digit0|HEX_location[5]  ; LED_number:load|segment_display:digit0|Mux7  ; yes                    ;
; LED_number:load|segment_display:digit0|HEX_location[6]  ; LED_number:load|segment_display:digit0|Mux7  ; yes                    ;
; LED_number:load|segment_display:digit1|HEX_location[0]  ; LED_number:load|segment_display:digit1|Mux7  ; yes                    ;
; LED_number:load|segment_display:digit1|HEX_location[1]  ; LED_number:load|segment_display:digit1|Mux7  ; yes                    ;
; LED_number:load|segment_display:digit1|HEX_location[2]  ; LED_number:load|segment_display:digit1|Mux7  ; yes                    ;
; LED_number:load|segment_display:digit1|HEX_location[3]  ; LED_number:load|segment_display:digit1|Mux7  ; yes                    ;
; LED_number:load|segment_display:digit1|HEX_location[4]  ; LED_number:load|segment_display:digit1|Mux7  ; yes                    ;
; LED_number:load|segment_display:digit1|HEX_location[5]  ; LED_number:load|segment_display:digit1|Mux7  ; yes                    ;
; LED_number:load|segment_display:digit1|HEX_location[6]  ; LED_number:load|segment_display:digit1|Mux7  ; yes                    ;
; Number of user-specified and inferred latches = 28      ;                                              ;                        ;
+---------------------------------------------------------+----------------------------------------------+------------------------+
Note: All latches listed above may not be present at the end of synthesis due to various synthesis optimizations.


+--------------------------------------------------------------------------------+
; Registers Removed During Synthesis                                             ;
+---------------------------------------+----------------------------------------+
; Register name                         ; Reason for Removal                     ;
+---------------------------------------+----------------------------------------+
; uart_receiver:OBD2_data|DTR           ; Stuck at VCC due to stuck port data_in ;
; light_number:tach|temp_number[12..15] ; Stuck at GND due to stuck port data_in ;
; Total Number of Removed Registers = 5 ;                                        ;
+---------------------------------------+----------------------------------------+


+------------------------------------------------------+
; General Register Statistics                          ;
+----------------------------------------------+-------+
; Statistic                                    ; Value ;
+----------------------------------------------+-------+
; Total registers                              ; 170   ;
; Number of registers using Synchronous Clear  ; 16    ;
; Number of registers using Synchronous Load   ; 0     ;
; Number of registers using Asynchronous Clear ; 0     ;
; Number of registers using Asynchronous Load  ; 0     ;
; Number of registers using Clock Enable       ; 132   ;
; Number of registers using Preset             ; 0     ;
+----------------------------------------------+-------+


+------------------------------------------------------------------------------------------------------------------------------------------------------------------------------------------+
; Multiplexer Restructuring Statistics (Restructuring Performed)                                                                                                                           ;
+--------------------+-----------+---------------+----------------------+------------------------+------------+----------------------------------------------------------------------------+
; Multiplexer Inputs ; Bus Width ; Baseline Area ; Area if Restructured ; Saving if Restructured ; Registered ; Example Multiplexer Output                                                 ;
+--------------------+-----------+---------------+----------------------+------------------------+------------+----------------------------------------------------------------------------+
; 5:1                ; 4 bits    ; 12 LEs        ; 4 LEs                ; 8 LEs                  ; Yes        ; |DE10_LITE_Golden_Top|uart_receiver:OBD2_data|uart_rx:rx_byte|bit_index[3] ;
; 5:1                ; 16 bits   ; 48 LEs        ; 16 LEs               ; 32 LEs                 ; Yes        ; |DE10_LITE_Golden_Top|uart_receiver:OBD2_data|uart_rx:rx_byte|clk_count[1] ;
+--------------------+-----------+---------------+----------------------+------------------------+------------+----------------------------------------------------------------------------+


+--------------------------------------------------------------------------------------+
; Parameter Settings for User Entity Instance: uart_receiver:OBD2_data|uart_rx:rx_byte ;
+----------------+----------+----------------------------------------------------------+
; Parameter Name ; Value    ; Type                                                     ;
+----------------+----------+----------------------------------------------------------+
; BAUD_RATE      ; 57600    ; Signed Integer                                           ;
; CLOCK_FREQ     ; 50000000 ; Signed Integer                                           ;
; BIT_PERIOD     ; 868      ; Signed Integer                                           ;
+----------------+----------+----------------------------------------------------------+
Note: In order to hide this table in the UI and the text report file, please set the "Show Parameter Settings in Synthesis Report" option in "Analysis and Synthesis Settings -> More Settings" to "Off".


+-----------------------------------------------------------------------------------+
; Parameter Settings for Inferred Entity Instance: LED_number:speed|lpm_divide:Mod0 ;
+------------------------+----------------+-----------------------------------------+
; Parameter Name         ; Value          ; Type                                    ;
+------------------------+----------------+-----------------------------------------+
; LPM_WIDTHN             ; 8              ; Untyped                                 ;
; LPM_WIDTHD             ; 4              ; Untyped                                 ;
; LPM_NREPRESENTATION    ; UNSIGNED       ; Untyped                                 ;
; LPM_DREPRESENTATION    ; UNSIGNED       ; Untyped                                 ;
; LPM_PIPELINE           ; 0              ; Untyped                                 ;
; LPM_REMAINDERPOSITIVE  ; TRUE           ; Untyped                                 ;
; MAXIMIZE_SPEED         ; 5              ; Untyped                                 ;
; CBXI_PARAMETER         ; lpm_divide_ckl ; Untyped                                 ;
; CARRY_CHAIN            ; MANUAL         ; Untyped                                 ;
; OPTIMIZE_FOR_SPEED     ; 5              ; Untyped                                 ;
; AUTO_CARRY_CHAINS      ; ON             ; AUTO_CARRY                              ;
; IGNORE_CARRY_BUFFERS   ; OFF            ; IGNORE_CARRY                            ;
; AUTO_CASCADE_CHAINS    ; ON             ; AUTO_CASCADE                            ;
; IGNORE_CASCADE_BUFFERS ; OFF            ; IGNORE_CASCADE                          ;
+------------------------+----------------+-----------------------------------------+
Note: In order to hide this table in the UI and the text report file, please set the "Show Parameter Settings in Synthesis Report" option in "Analysis and Synthesis Settings -> More Settings" to "Off".


+-----------------------------------------------------------------------------------+
; Parameter Settings for Inferred Entity Instance: LED_number:speed|lpm_divide:Div0 ;
+------------------------+----------------+-----------------------------------------+
; Parameter Name         ; Value          ; Type                                    ;
+------------------------+----------------+-----------------------------------------+
; LPM_WIDTHN             ; 8              ; Untyped                                 ;
; LPM_WIDTHD             ; 4              ; Untyped                                 ;
; LPM_NREPRESENTATION    ; UNSIGNED       ; Untyped                                 ;
; LPM_DREPRESENTATION    ; UNSIGNED       ; Untyped                                 ;
; LPM_PIPELINE           ; 0              ; Untyped                                 ;
; LPM_REMAINDERPOSITIVE  ; TRUE           ; Untyped                                 ;
; MAXIMIZE_SPEED         ; 5              ; Untyped                                 ;
; CBXI_PARAMETER         ; lpm_divide_9sl ; Untyped                                 ;
; CARRY_CHAIN            ; MANUAL         ; Untyped                                 ;
; OPTIMIZE_FOR_SPEED     ; 5              ; Untyped                                 ;
; AUTO_CARRY_CHAINS      ; ON             ; AUTO_CARRY                              ;
; IGNORE_CARRY_BUFFERS   ; OFF            ; IGNORE_CARRY                            ;
; AUTO_CASCADE_CHAINS    ; ON             ; AUTO_CASCADE                            ;
; IGNORE_CASCADE_BUFFERS ; OFF            ; IGNORE_CASCADE                          ;
+------------------------+----------------+-----------------------------------------+
Note: In order to hide this table in the UI and the text report file, please set the "Show Parameter Settings in Synthesis Report" option in "Analysis and Synthesis Settings -> More Settings" to "Off".


+-----------------------------------------------------------------------------------+
; Parameter Settings for Inferred Entity Instance: LED_number:speed|lpm_divide:Mod1 ;
+------------------------+----------------+-----------------------------------------+
; Parameter Name         ; Value          ; Type                                    ;
+------------------------+----------------+-----------------------------------------+
; LPM_WIDTHN             ; 8              ; Untyped                                 ;
; LPM_WIDTHD             ; 4              ; Untyped                                 ;
; LPM_NREPRESENTATION    ; UNSIGNED       ; Untyped                                 ;
; LPM_DREPRESENTATION    ; UNSIGNED       ; Untyped                                 ;
; LPM_PIPELINE           ; 0              ; Untyped                                 ;
; LPM_REMAINDERPOSITIVE  ; TRUE           ; Untyped                                 ;
; MAXIMIZE_SPEED         ; 5              ; Untyped                                 ;
; CBXI_PARAMETER         ; lpm_divide_ckl ; Untyped                                 ;
; CARRY_CHAIN            ; MANUAL         ; Untyped                                 ;
; OPTIMIZE_FOR_SPEED     ; 5              ; Untyped                                 ;
; AUTO_CARRY_CHAINS      ; ON             ; AUTO_CARRY                              ;
; IGNORE_CARRY_BUFFERS   ; OFF            ; IGNORE_CARRY                            ;
; AUTO_CASCADE_CHAINS    ; ON             ; AUTO_CASCADE                            ;
; IGNORE_CASCADE_BUFFERS ; OFF            ; IGNORE_CASCADE                          ;
+------------------------+----------------+-----------------------------------------+
Note: In order to hide this table in the UI and the text report file, please set the "Show Parameter Settings in Synthesis Report" option in "Analysis and Synthesis Settings -> More Settings" to "Off".


+-----------------------------------------------------------------------------------+
; Parameter Settings for Inferred Entity Instance: LED_number:speed|lpm_divide:Div1 ;
+------------------------+----------------+-----------------------------------------+
; Parameter Name         ; Value          ; Type                                    ;
+------------------------+----------------+-----------------------------------------+
; LPM_WIDTHN             ; 8              ; Untyped                                 ;
; LPM_WIDTHD             ; 7              ; Untyped                                 ;
; LPM_NREPRESENTATION    ; UNSIGNED       ; Untyped                                 ;
; LPM_DREPRESENTATION    ; UNSIGNED       ; Untyped                                 ;
; LPM_PIPELINE           ; 0              ; Untyped                                 ;
; LPM_REMAINDERPOSITIVE  ; TRUE           ; Untyped                                 ;
; MAXIMIZE_SPEED         ; 5              ; Untyped                                 ;
; CBXI_PARAMETER         ; lpm_divide_csl ; Untyped                                 ;
; CARRY_CHAIN            ; MANUAL         ; Untyped                                 ;
; OPTIMIZE_FOR_SPEED     ; 5              ; Untyped                                 ;
; AUTO_CARRY_CHAINS      ; ON             ; AUTO_CARRY                              ;
; IGNORE_CARRY_BUFFERS   ; OFF            ; IGNORE_CARRY                            ;
; AUTO_CASCADE_CHAINS    ; ON             ; AUTO_CASCADE                            ;
; IGNORE_CASCADE_BUFFERS ; OFF            ; IGNORE_CASCADE                          ;
+------------------------+----------------+-----------------------------------------+
Note: In order to hide this table in the UI and the text report file, please set the "Show Parameter Settings in Synthesis Report" option in "Analysis and Synthesis Settings -> More Settings" to "Off".


+-----------------------------------------------------------------------------------+
; Parameter Settings for Inferred Entity Instance: LED_number:speed|lpm_divide:Mod2 ;
+------------------------+----------------+-----------------------------------------+
; Parameter Name         ; Value          ; Type                                    ;
+------------------------+----------------+-----------------------------------------+
; LPM_WIDTHN             ; 8              ; Untyped                                 ;
; LPM_WIDTHD             ; 4              ; Untyped                                 ;
; LPM_NREPRESENTATION    ; UNSIGNED       ; Untyped                                 ;
; LPM_DREPRESENTATION    ; UNSIGNED       ; Untyped                                 ;
; LPM_PIPELINE           ; 0              ; Untyped                                 ;
; LPM_REMAINDERPOSITIVE  ; TRUE           ; Untyped                                 ;
; MAXIMIZE_SPEED         ; 5              ; Untyped                                 ;
; CBXI_PARAMETER         ; lpm_divide_ckl ; Untyped                                 ;
; CARRY_CHAIN            ; MANUAL         ; Untyped                                 ;
; OPTIMIZE_FOR_SPEED     ; 5              ; Untyped                                 ;
; AUTO_CARRY_CHAINS      ; ON             ; AUTO_CARRY                              ;
; IGNORE_CARRY_BUFFERS   ; OFF            ; IGNORE_CARRY                            ;
; AUTO_CASCADE_CHAINS    ; ON             ; AUTO_CASCADE                            ;
; IGNORE_CASCADE_BUFFERS ; OFF            ; IGNORE_CASCADE                          ;
+------------------------+----------------+-----------------------------------------+
Note: In order to hide this table in the UI and the text report file, please set the "Show Parameter Settings in Synthesis Report" option in "Analysis and Synthesis Settings -> More Settings" to "Off".


+----------------------------------------------------------------------------------+
; Parameter Settings for Inferred Entity Instance: LED_number:load|lpm_divide:Mod0 ;
+------------------------+----------------+----------------------------------------+
; Parameter Name         ; Value          ; Type                                   ;
+------------------------+----------------+----------------------------------------+
; LPM_WIDTHN             ; 8              ; Untyped                                ;
; LPM_WIDTHD             ; 4              ; Untyped                                ;
; LPM_NREPRESENTATION    ; UNSIGNED       ; Untyped                                ;
; LPM_DREPRESENTATION    ; UNSIGNED       ; Untyped                                ;
; LPM_PIPELINE           ; 0              ; Untyped                                ;
; LPM_REMAINDERPOSITIVE  ; TRUE           ; Untyped                                ;
; MAXIMIZE_SPEED         ; 5              ; Untyped                                ;
; CBXI_PARAMETER         ; lpm_divide_ckl ; Untyped                                ;
; CARRY_CHAIN            ; MANUAL         ; Untyped                                ;
; OPTIMIZE_FOR_SPEED     ; 5              ; Untyped                                ;
; AUTO_CARRY_CHAINS      ; ON             ; AUTO_CARRY                             ;
; IGNORE_CARRY_BUFFERS   ; OFF            ; IGNORE_CARRY                           ;
; AUTO_CASCADE_CHAINS    ; ON             ; AUTO_CASCADE                           ;
; IGNORE_CASCADE_BUFFERS ; OFF            ; IGNORE_CASCADE                         ;
+------------------------+----------------+----------------------------------------+
Note: In order to hide this table in the UI and the text report file, please set the "Show Parameter Settings in Synthesis Report" option in "Analysis and Synthesis Settings -> More Settings" to "Off".


+----------------------------------------------------------------------------------+
; Parameter Settings for Inferred Entity Instance: LED_number:load|lpm_divide:Div0 ;
+------------------------+----------------+----------------------------------------+
; Parameter Name         ; Value          ; Type                                   ;
+------------------------+----------------+----------------------------------------+
; LPM_WIDTHN             ; 8              ; Untyped                                ;
; LPM_WIDTHD             ; 4              ; Untyped                                ;
; LPM_NREPRESENTATION    ; UNSIGNED       ; Untyped                                ;
; LPM_DREPRESENTATION    ; UNSIGNED       ; Untyped                                ;
; LPM_PIPELINE           ; 0              ; Untyped                                ;
; LPM_REMAINDERPOSITIVE  ; TRUE           ; Untyped                                ;
; MAXIMIZE_SPEED         ; 5              ; Untyped                                ;
; CBXI_PARAMETER         ; lpm_divide_9sl ; Untyped                                ;
; CARRY_CHAIN            ; MANUAL         ; Untyped                                ;
; OPTIMIZE_FOR_SPEED     ; 5              ; Untyped                                ;
; AUTO_CARRY_CHAINS      ; ON             ; AUTO_CARRY                             ;
; IGNORE_CARRY_BUFFERS   ; OFF            ; IGNORE_CARRY                           ;
; AUTO_CASCADE_CHAINS    ; ON             ; AUTO_CASCADE                           ;
; IGNORE_CASCADE_BUFFERS ; OFF            ; IGNORE_CASCADE                         ;
+------------------------+----------------+----------------------------------------+
Note: In order to hide this table in the UI and the text report file, please set the "Show Parameter Settings in Synthesis Report" option in "Analysis and Synthesis Settings -> More Settings" to "Off".


+----------------------------------------------------------------------------------+
; Parameter Settings for Inferred Entity Instance: LED_number:load|lpm_divide:Mod1 ;
+------------------------+----------------+----------------------------------------+
; Parameter Name         ; Value          ; Type                                   ;
+------------------------+----------------+----------------------------------------+
; LPM_WIDTHN             ; 8              ; Untyped                                ;
; LPM_WIDTHD             ; 4              ; Untyped                                ;
; LPM_NREPRESENTATION    ; UNSIGNED       ; Untyped                                ;
; LPM_DREPRESENTATION    ; UNSIGNED       ; Untyped                                ;
; LPM_PIPELINE           ; 0              ; Untyped                                ;
; LPM_REMAINDERPOSITIVE  ; TRUE           ; Untyped                                ;
; MAXIMIZE_SPEED         ; 5              ; Untyped                                ;
; CBXI_PARAMETER         ; lpm_divide_ckl ; Untyped                                ;
; CARRY_CHAIN            ; MANUAL         ; Untyped                                ;
; OPTIMIZE_FOR_SPEED     ; 5              ; Untyped                                ;
; AUTO_CARRY_CHAINS      ; ON             ; AUTO_CARRY                             ;
; IGNORE_CARRY_BUFFERS   ; OFF            ; IGNORE_CARRY                           ;
; AUTO_CASCADE_CHAINS    ; ON             ; AUTO_CASCADE                           ;
; IGNORE_CASCADE_BUFFERS ; OFF            ; IGNORE_CASCADE                         ;
+------------------------+----------------+----------------------------------------+
Note: In order to hide this table in the UI and the text report file, please set the "Show Parameter Settings in Synthesis Report" option in "Analysis and Synthesis Settings -> More Settings" to "Off".


+----------------------------------------------------------------------------------+
; Parameter Settings for Inferred Entity Instance: LED_number:load|lpm_divide:Div1 ;
+------------------------+----------------+----------------------------------------+
; Parameter Name         ; Value          ; Type                                   ;
+------------------------+----------------+----------------------------------------+
; LPM_WIDTHN             ; 8              ; Untyped                                ;
; LPM_WIDTHD             ; 7              ; Untyped                                ;
; LPM_NREPRESENTATION    ; UNSIGNED       ; Untyped                                ;
; LPM_DREPRESENTATION    ; UNSIGNED       ; Untyped                                ;
; LPM_PIPELINE           ; 0              ; Untyped                                ;
; LPM_REMAINDERPOSITIVE  ; TRUE           ; Untyped                                ;
; MAXIMIZE_SPEED         ; 5              ; Untyped                                ;
; CBXI_PARAMETER         ; lpm_divide_csl ; Untyped                                ;
; CARRY_CHAIN            ; MANUAL         ; Untyped                                ;
; OPTIMIZE_FOR_SPEED     ; 5              ; Untyped                                ;
; AUTO_CARRY_CHAINS      ; ON             ; AUTO_CARRY                             ;
; IGNORE_CARRY_BUFFERS   ; OFF            ; IGNORE_CARRY                           ;
; AUTO_CASCADE_CHAINS    ; ON             ; AUTO_CASCADE                           ;
; IGNORE_CASCADE_BUFFERS ; OFF            ; IGNORE_CASCADE                         ;
+------------------------+----------------+----------------------------------------+
Note: In order to hide this table in the UI and the text report file, please set the "Show Parameter Settings in Synthesis Report" option in "Analysis and Synthesis Settings -> More Settings" to "Off".


+----------------------------------------------------------------------------------+
; Parameter Settings for Inferred Entity Instance: LED_number:load|lpm_divide:Mod2 ;
+------------------------+----------------+----------------------------------------+
; Parameter Name         ; Value          ; Type                                   ;
+------------------------+----------------+----------------------------------------+
; LPM_WIDTHN             ; 8              ; Untyped                                ;
; LPM_WIDTHD             ; 4              ; Untyped                                ;
; LPM_NREPRESENTATION    ; UNSIGNED       ; Untyped                                ;
; LPM_DREPRESENTATION    ; UNSIGNED       ; Untyped                                ;
; LPM_PIPELINE           ; 0              ; Untyped                                ;
; LPM_REMAINDERPOSITIVE  ; TRUE           ; Untyped                                ;
; MAXIMIZE_SPEED         ; 5              ; Untyped                                ;
; CBXI_PARAMETER         ; lpm_divide_ckl ; Untyped                                ;
; CARRY_CHAIN            ; MANUAL         ; Untyped                                ;
; OPTIMIZE_FOR_SPEED     ; 5              ; Untyped                                ;
; AUTO_CARRY_CHAINS      ; ON             ; AUTO_CARRY                             ;
; IGNORE_CARRY_BUFFERS   ; OFF            ; IGNORE_CARRY                           ;
; AUTO_CASCADE_CHAINS    ; ON             ; AUTO_CASCADE                           ;
; IGNORE_CASCADE_BUFFERS ; OFF            ; IGNORE_CASCADE                         ;
+------------------------+----------------+----------------------------------------+
Note: In order to hide this table in the UI and the text report file, please set the "Show Parameter Settings in Synthesis Report" option in "Analysis and Synthesis Settings -> More Settings" to "Off".


+------------------------------------------------------------------+
; Parameter Settings for Inferred Entity Instance: lpm_divide:Mod1 ;
+------------------------+----------------+------------------------+
; Parameter Name         ; Value          ; Type                   ;
+------------------------+----------------+------------------------+
; LPM_WIDTHN             ; 32             ; Untyped                ;
; LPM_WIDTHD             ; 3              ; Untyped                ;
; LPM_NREPRESENTATION    ; UNSIGNED       ; Untyped                ;
; LPM_DREPRESENTATION    ; UNSIGNED       ; Untyped                ;
; LPM_PIPELINE           ; 0              ; Untyped                ;
; LPM_REMAINDERPOSITIVE  ; TRUE           ; Untyped                ;
; MAXIMIZE_SPEED         ; 5              ; Untyped                ;
; CBXI_PARAMETER         ; lpm_divide_oll ; Untyped                ;
; CARRY_CHAIN            ; MANUAL         ; Untyped                ;
; OPTIMIZE_FOR_SPEED     ; 5              ; Untyped                ;
; AUTO_CARRY_CHAINS      ; ON             ; AUTO_CARRY             ;
; IGNORE_CARRY_BUFFERS   ; OFF            ; IGNORE_CARRY           ;
; AUTO_CASCADE_CHAINS    ; ON             ; AUTO_CASCADE           ;
; IGNORE_CASCADE_BUFFERS ; OFF            ; IGNORE_CASCADE         ;
+------------------------+----------------+------------------------+
Note: In order to hide this table in the UI and the text report file, please set the "Show Parameter Settings in Synthesis Report" option in "Analysis and Synthesis Settings -> More Settings" to "Off".


+------------------------------------------------------------------+
; Parameter Settings for Inferred Entity Instance: lpm_divide:Mod0 ;
+------------------------+----------------+------------------------+
; Parameter Name         ; Value          ; Type                   ;
+------------------------+----------------+------------------------+
; LPM_WIDTHN             ; 10             ; Untyped                ;
; LPM_WIDTHD             ; 3              ; Untyped                ;
; LPM_NREPRESENTATION    ; UNSIGNED       ; Untyped                ;
; LPM_DREPRESENTATION    ; UNSIGNED       ; Untyped                ;
; LPM_PIPELINE           ; 0              ; Untyped                ;
; LPM_REMAINDERPOSITIVE  ; TRUE           ; Untyped                ;
; MAXIMIZE_SPEED         ; 5              ; Untyped                ;
; CBXI_PARAMETER         ; lpm_divide_kll ; Untyped                ;
; CARRY_CHAIN            ; MANUAL         ; Untyped                ;
; OPTIMIZE_FOR_SPEED     ; 5              ; Untyped                ;
; AUTO_CARRY_CHAINS      ; ON             ; AUTO_CARRY             ;
; IGNORE_CARRY_BUFFERS   ; OFF            ; IGNORE_CARRY           ;
; AUTO_CASCADE_CHAINS    ; ON             ; AUTO_CASCADE           ;
; IGNORE_CASCADE_BUFFERS ; OFF            ; IGNORE_CASCADE         ;
+------------------------+----------------+------------------------+
Note: In order to hide this table in the UI and the text report file, please set the "Show Parameter Settings in Synthesis Report" option in "Analysis and Synthesis Settings -> More Settings" to "Off".


+-----------------------------------------------------+
; Post-Synthesis Netlist Statistics for Top Partition ;
+-----------------------+-----------------------------+
; Type                  ; Count                       ;
+-----------------------+-----------------------------+
; boundary_port         ; 80                          ;
; cycloneiii_ff         ; 170                         ;
;     ENA               ; 116                         ;
;     ENA SCLR          ; 16                          ;
;     plain             ; 38                          ;
; cycloneiii_io_obuf    ; 17                          ;
; cycloneiii_lcell_comb ; 746                         ;
;     arith             ; 199                         ;
;         1 data inputs ; 2                           ;
;         2 data inputs ; 61                          ;
;         3 data inputs ; 136                         ;
;     normal            ; 547                         ;
;         0 data inputs ; 49                          ;
;         1 data inputs ; 9                           ;
;         2 data inputs ; 250                         ;
;         3 data inputs ; 61                          ;
;         4 data inputs ; 178                         ;
;                       ;                             ;
; Max LUT depth         ; 25.90                       ;
; Average LUT depth     ; 11.53                       ;
+-----------------------+-----------------------------+


+-------------------------------+
; Elapsed Time Per Partition    ;
+----------------+--------------+
; Partition Name ; Elapsed Time ;
+----------------+--------------+
; Top            ; 00:00:01     ;
+----------------+--------------+


+-------------------------------+
; Analysis & Synthesis Messages ;
+-------------------------------+
Info: *******************************************************************
Info: Running Quartus Prime Analysis & Synthesis
    Info: Version 23.1std.1 Build 993 05/14/2024 SC Lite Edition
    Info: Processing started: Mon Apr 21 21:23:38 2025
Info: Command: quartus_map --read_settings_files=on --write_settings_files=off OBD2 -c OBD2
Warning (18236): Number of processors has not been specified which may cause overloading on shared machines.  Set the global assignment NUM_PARALLEL_PROCESSORS in your QSF to an appropriate value for best performance.
Info (20030): Parallel compilation is enabled and will use 4 of the 4 processors detected
Info (12021): Found 1 design units, including 1 entities, in source file de10_lite_golden_top.v
    Info (12023): Found entity 1: DE10_LITE_Golden_Top File: C:/ETA Software/DE-10 Lite/OBD2_Scanner/DE10_LITE_Golden_Top.v Line: 28
Info (12021): Found 2 design units, including 2 entities, in source file led_number.v
    Info (12023): Found entity 1: LED_number File: C:/ETA Software/DE-10 Lite/OBD2_Scanner/LED_number.v Line: 6
    Info (12023): Found entity 2: segment_display File: C:/ETA Software/DE-10 Lite/OBD2_Scanner/LED_number.v Line: 33
Info (12021): Found 1 design units, including 1 entities, in source file uart_receiver.v
    Info (12023): Found entity 1: uart_receiver File: C:/ETA Software/DE-10 Lite/OBD2_Scanner/uart_receiver.v Line: 1
Info (12021): Found 1 design units, including 1 entities, in source file uart_rx.v
    Info (12023): Found entity 1: uart_rx File: C:/ETA Software/DE-10 Lite/OBD2_Scanner/uart_rx.v Line: 1
Info (12021): Found 1 design units, including 1 entities, in source file light_number.v
    Info (12023): Found entity 1: light_number File: C:/ETA Software/DE-10 Lite/OBD2_Scanner/light_number.v Line: 5
Info (12127): Elaborating entity "DE10_LITE_Golden_Top" for the top level hierarchy
Warning (10230): Verilog HDL assignment warning at DE10_LITE_Golden_Top.v(98): truncated value with size 32 to match size of target (3) File: C:/ETA Software/DE-10 Lite/OBD2_Scanner/DE10_LITE_Golden_Top.v Line: 98
Warning (10230): Verilog HDL assignment warning at DE10_LITE_Golden_Top.v(100): truncated value with size 32 to match size of target (3) File: C:/ETA Software/DE-10 Lite/OBD2_Scanner/DE10_LITE_Golden_Top.v Line: 100
Warning (10034): Output port "GPIO_35" at DE10_LITE_Golden_Top.v(72) has no driver File: C:/ETA Software/DE-10 Lite/OBD2_Scanner/DE10_LITE_Golden_Top.v Line: 72
Info (12128): Elaborating entity "uart_receiver" for hierarchy "uart_receiver:OBD2_data" File: C:/ETA Software/DE-10 Lite/OBD2_Scanner/DE10_LITE_Golden_Top.v Line: 90
Info (12128): Elaborating entity "uart_rx" for hierarchy "uart_receiver:OBD2_data|uart_rx:rx_byte" File: C:/ETA Software/DE-10 Lite/OBD2_Scanner/uart_receiver.v Line: 14
Warning (10036): Verilog HDL or VHDL warning at uart_rx.v(15): object "receiving" assigned a value but never read File: C:/ETA Software/DE-10 Lite/OBD2_Scanner/uart_rx.v Line: 15
Warning (10230): Verilog HDL assignment warning at uart_rx.v(31): truncated value with size 32 to match size of target (16) File: C:/ETA Software/DE-10 Lite/OBD2_Scanner/uart_rx.v Line: 31
Warning (10230): Verilog HDL assignment warning at uart_rx.v(36): truncated value with size 32 to match size of target (4) File: C:/ETA Software/DE-10 Lite/OBD2_Scanner/uart_rx.v Line: 36
Warning (10230): Verilog HDL assignment warning at uart_rx.v(42): truncated value with size 32 to match size of target (4) File: C:/ETA Software/DE-10 Lite/OBD2_Scanner/uart_rx.v Line: 42
Warning (10230): Verilog HDL assignment warning at uart_rx.v(51): truncated value with size 32 to match size of target (10) File: C:/ETA Software/DE-10 Lite/OBD2_Scanner/uart_rx.v Line: 51
Info (12128): Elaborating entity "light_number" for hierarchy "light_number:tach" File: C:/ETA Software/DE-10 Lite/OBD2_Scanner/DE10_LITE_Golden_Top.v Line: 131
Warning (10230): Verilog HDL assignment warning at light_number.v(18): truncated value with size 32 to match size of target (1) File: C:/ETA Software/DE-10 Lite/OBD2_Scanner/light_number.v Line: 18
Info (12128): Elaborating entity "LED_number" for hierarchy "LED_number:speed" File: C:/ETA Software/DE-10 Lite/OBD2_Scanner/DE10_LITE_Golden_Top.v Line: 132
Warning (10230): Verilog HDL assignment warning at LED_number.v(16): truncated value with size 32 to match size of target (4) File: C:/ETA Software/DE-10 Lite/OBD2_Scanner/LED_number.v Line: 16
Warning (10230): Verilog HDL assignment warning at LED_number.v(17): truncated value with size 32 to match size of target (4) File: C:/ETA Software/DE-10 Lite/OBD2_Scanner/LED_number.v Line: 17
Warning (10230): Verilog HDL assignment warning at LED_number.v(18): truncated value with size 32 to match size of target (4) File: C:/ETA Software/DE-10 Lite/OBD2_Scanner/LED_number.v Line: 18
Info (12128): Elaborating entity "segment_display" for hierarchy "LED_number:speed|segment_display:digit0" File: C:/ETA Software/DE-10 Lite/OBD2_Scanner/LED_number.v Line: 27
Warning (10270): Verilog HDL Case Statement warning at LED_number.v(39): incomplete case statement has no default case item File: C:/ETA Software/DE-10 Lite/OBD2_Scanner/LED_number.v Line: 39
Warning (10240): Verilog HDL Always Construct warning at LED_number.v(38): inferring latch(es) for variable "HEX_location", which holds its previous value in one or more paths through the always construct File: C:/ETA Software/DE-10 Lite/OBD2_Scanner/LED_number.v Line: 38
Info (10041): Inferred latch for "HEX_location[0]" at LED_number.v(38) File: C:/ETA Software/DE-10 Lite/OBD2_Scanner/LED_number.v Line: 38
Info (10041): Inferred latch for "HEX_location[1]" at LED_number.v(38) File: C:/ETA Software/DE-10 Lite/OBD2_Scanner/LED_number.v Line: 38
Info (10041): Inferred latch for "HEX_location[2]" at LED_number.v(38) File: C:/ETA Software/DE-10 Lite/OBD2_Scanner/LED_number.v Line: 38
Info (10041): Inferred latch for "HEX_location[3]" at LED_number.v(38) File: C:/ETA Software/DE-10 Lite/OBD2_Scanner/LED_number.v Line: 38
Info (10041): Inferred latch for "HEX_location[4]" at LED_number.v(38) File: C:/ETA Software/DE-10 Lite/OBD2_Scanner/LED_number.v Line: 38
Info (10041): Inferred latch for "HEX_location[5]" at LED_number.v(38) File: C:/ETA Software/DE-10 Lite/OBD2_Scanner/LED_number.v Line: 38
Info (10041): Inferred latch for "HEX_location[6]" at LED_number.v(38) File: C:/ETA Software/DE-10 Lite/OBD2_Scanner/LED_number.v Line: 38
Info (10041): Inferred latch for "HEX_location[7]" at LED_number.v(38) File: C:/ETA Software/DE-10 Lite/OBD2_Scanner/LED_number.v Line: 38
Info (276014): Found 1 instances of uninferred RAM logic
    Info (276004): RAM logic "temp_data" is uninferred due to inappropriate RAM size File: C:/ETA Software/DE-10 Lite/OBD2_Scanner/DE10_LITE_Golden_Top.v Line: 79
Info (278001): Inferred 12 megafunctions from design logic
    Info (278004): Inferred divider/modulo megafunction ("lpm_divide") from the following logic: "LED_number:speed|Mod0" File: C:/ETA Software/DE-10 Lite/OBD2_Scanner/LED_number.v Line: 16
    Info (278004): Inferred divider/modulo megafunction ("lpm_divide") from the following logic: "LED_number:speed|Div0" File: C:/ETA Software/DE-10 Lite/OBD2_Scanner/LED_number.v Line: 17
    Info (278004): Inferred divider/modulo megafunction ("lpm_divide") from the following logic: "LED_number:speed|Mod1" File: C:/ETA Software/DE-10 Lite/OBD2_Scanner/LED_number.v Line: 17
    Info (278004): Inferred divider/modulo megafunction ("lpm_divide") from the following logic: "LED_number:speed|Div1" File: C:/ETA Software/DE-10 Lite/OBD2_Scanner/LED_number.v Line: 18
    Info (278004): Inferred divider/modulo megafunction ("lpm_divide") from the following logic: "LED_number:speed|Mod2" File: C:/ETA Software/DE-10 Lite/OBD2_Scanner/LED_number.v Line: 18
    Info (278004): Inferred divider/modulo megafunction ("lpm_divide") from the following logic: "LED_number:load|Mod0" File: C:/ETA Software/DE-10 Lite/OBD2_Scanner/LED_number.v Line: 16
    Info (278004): Inferred divider/modulo megafunction ("lpm_divide") from the following logic: "LED_number:load|Div0" File: C:/ETA Software/DE-10 Lite/OBD2_Scanner/LED_number.v Line: 17
    Info (278004): Inferred divider/modulo megafunction ("lpm_divide") from the following logic: "LED_number:load|Mod1" File: C:/ETA Software/DE-10 Lite/OBD2_Scanner/LED_number.v Line: 17
    Info (278004): Inferred divider/modulo megafunction ("lpm_divide") from the following logic: "LED_number:load|Div1" File: C:/ETA Software/DE-10 Lite/OBD2_Scanner/LED_number.v Line: 18
    Info (278004): Inferred divider/modulo megafunction ("lpm_divide") from the following logic: "LED_number:load|Mod2" File: C:/ETA Software/DE-10 Lite/OBD2_Scanner/LED_number.v Line: 18
    Info (278004): Inferred divider/modulo megafunction ("lpm_divide") from the following logic: "Mod1" File: C:/ETA Software/DE-10 Lite/OBD2_Scanner/DE10_LITE_Golden_Top.v Line: 108
    Info (278004): Inferred divider/modulo megafunction ("lpm_divide") from the following logic: "Mod0" File: C:/ETA Software/DE-10 Lite/OBD2_Scanner/DE10_LITE_Golden_Top.v Line: 98
Info (12130): Elaborated megafunction instantiation "LED_number:speed|lpm_divide:Mod0" File: C:/ETA Software/DE-10 Lite/OBD2_Scanner/LED_number.v Line: 16
Info (12133): Instantiated megafunction "LED_number:speed|lpm_divide:Mod0" with the following parameter: File: C:/ETA Software/DE-10 Lite/OBD2_Scanner/LED_number.v Line: 16
    Info (12134): Parameter "LPM_WIDTHN" = "8"
    Info (12134): Parameter "LPM_WIDTHD" = "4"
    Info (12134): Parameter "LPM_NREPRESENTATION" = "UNSIGNED"
    Info (12134): Parameter "LPM_DREPRESENTATION" = "UNSIGNED"
Info (12021): Found 1 design units, including 1 entities, in source file db/lpm_divide_ckl.tdf
    Info (12023): Found entity 1: lpm_divide_ckl File: C:/ETA Software/DE-10 Lite/OBD2_Scanner/db/lpm_divide_ckl.tdf Line: 25
Info (12021): Found 1 design units, including 1 entities, in source file db/sign_div_unsign_bkh.tdf
    Info (12023): Found entity 1: sign_div_unsign_bkh File: C:/ETA Software/DE-10 Lite/OBD2_Scanner/db/sign_div_unsign_bkh.tdf Line: 25
Info (12021): Found 1 design units, including 1 entities, in source file db/alt_u_div_0fe.tdf
    Info (12023): Found entity 1: alt_u_div_0fe File: C:/ETA Software/DE-10 Lite/OBD2_Scanner/db/alt_u_div_0fe.tdf Line: 27
Info (12021): Found 1 design units, including 1 entities, in source file db/add_sub_t3c.tdf
    Info (12023): Found entity 1: add_sub_t3c File: C:/ETA Software/DE-10 Lite/OBD2_Scanner/db/add_sub_t3c.tdf Line: 23
Info (12021): Found 1 design units, including 1 entities, in source file db/add_sub_u3c.tdf
    Info (12023): Found entity 1: add_sub_u3c File: C:/ETA Software/DE-10 Lite/OBD2_Scanner/db/add_sub_u3c.tdf Line: 23
Info (12130): Elaborated megafunction instantiation "LED_number:speed|lpm_divide:Div0" File: C:/ETA Software/DE-10 Lite/OBD2_Scanner/LED_number.v Line: 17
Info (12133): Instantiated megafunction "LED_number:speed|lpm_divide:Div0" with the following parameter: File: C:/ETA Software/DE-10 Lite/OBD2_Scanner/LED_number.v Line: 17
    Info (12134): Parameter "LPM_WIDTHN" = "8"
    Info (12134): Parameter "LPM_WIDTHD" = "4"
    Info (12134): Parameter "LPM_NREPRESENTATION" = "UNSIGNED"
    Info (12134): Parameter "LPM_DREPRESENTATION" = "UNSIGNED"
Info (12021): Found 1 design units, including 1 entities, in source file db/lpm_divide_9sl.tdf
    Info (12023): Found entity 1: lpm_divide_9sl File: C:/ETA Software/DE-10 Lite/OBD2_Scanner/db/lpm_divide_9sl.tdf Line: 25
Info (12130): Elaborated megafunction instantiation "LED_number:speed|lpm_divide:Div1" File: C:/ETA Software/DE-10 Lite/OBD2_Scanner/LED_number.v Line: 18
Info (12133): Instantiated megafunction "LED_number:speed|lpm_divide:Div1" with the following parameter: File: C:/ETA Software/DE-10 Lite/OBD2_Scanner/LED_number.v Line: 18
    Info (12134): Parameter "LPM_WIDTHN" = "8"
    Info (12134): Parameter "LPM_WIDTHD" = "7"
    Info (12134): Parameter "LPM_NREPRESENTATION" = "UNSIGNED"
    Info (12134): Parameter "LPM_DREPRESENTATION" = "UNSIGNED"
Info (12021): Found 1 design units, including 1 entities, in source file db/lpm_divide_csl.tdf
    Info (12023): Found entity 1: lpm_divide_csl File: C:/ETA Software/DE-10 Lite/OBD2_Scanner/db/lpm_divide_csl.tdf Line: 25
Info (12021): Found 1 design units, including 1 entities, in source file db/sign_div_unsign_ekh.tdf
    Info (12023): Found entity 1: sign_div_unsign_ekh File: C:/ETA Software/DE-10 Lite/OBD2_Scanner/db/sign_div_unsign_ekh.tdf Line: 25
Info (12021): Found 1 design units, including 1 entities, in source file db/alt_u_div_6fe.tdf
    Info (12023): Found entity 1: alt_u_div_6fe File: C:/ETA Software/DE-10 Lite/OBD2_Scanner/db/alt_u_div_6fe.tdf Line: 27
Info (12130): Elaborated megafunction instantiation "lpm_divide:Mod1" File: C:/ETA Software/DE-10 Lite/OBD2_Scanner/DE10_LITE_Golden_Top.v Line: 108
Info (12133): Instantiated megafunction "lpm_divide:Mod1" with the following parameter: File: C:/ETA Software/DE-10 Lite/OBD2_Scanner/DE10_LITE_Golden_Top.v Line: 108
    Info (12134): Parameter "LPM_WIDTHN" = "32"
    Info (12134): Parameter "LPM_WIDTHD" = "3"
    Info (12134): Parameter "LPM_NREPRESENTATION" = "UNSIGNED"
    Info (12134): Parameter "LPM_DREPRESENTATION" = "UNSIGNED"
Info (12021): Found 1 design units, including 1 entities, in source file db/lpm_divide_oll.tdf
    Info (12023): Found entity 1: lpm_divide_oll File: C:/ETA Software/DE-10 Lite/OBD2_Scanner/db/lpm_divide_oll.tdf Line: 25
Info (12021): Found 1 design units, including 1 entities, in source file db/sign_div_unsign_nlh.tdf
    Info (12023): Found entity 1: sign_div_unsign_nlh File: C:/ETA Software/DE-10 Lite/OBD2_Scanner/db/sign_div_unsign_nlh.tdf Line: 25
Info (12021): Found 1 design units, including 1 entities, in source file db/alt_u_div_ohe.tdf
    Info (12023): Found entity 1: alt_u_div_ohe File: C:/ETA Software/DE-10 Lite/OBD2_Scanner/db/alt_u_div_ohe.tdf Line: 27
Info (12130): Elaborated megafunction instantiation "lpm_divide:Mod0" File: C:/ETA Software/DE-10 Lite/OBD2_Scanner/DE10_LITE_Golden_Top.v Line: 98
Info (12133): Instantiated megafunction "lpm_divide:Mod0" with the following parameter: File: C:/ETA Software/DE-10 Lite/OBD2_Scanner/DE10_LITE_Golden_Top.v Line: 98
    Info (12134): Parameter "LPM_WIDTHN" = "10"
    Info (12134): Parameter "LPM_WIDTHD" = "3"
    Info (12134): Parameter "LPM_NREPRESENTATION" = "UNSIGNED"
    Info (12134): Parameter "LPM_DREPRESENTATION" = "UNSIGNED"
Info (12021): Found 1 design units, including 1 entities, in source file db/lpm_divide_kll.tdf
    Info (12023): Found entity 1: lpm_divide_kll File: C:/ETA Software/DE-10 Lite/OBD2_Scanner/db/lpm_divide_kll.tdf Line: 25
Info (12021): Found 1 design units, including 1 entities, in source file db/sign_div_unsign_jlh.tdf
    Info (12023): Found entity 1: sign_div_unsign_jlh File: C:/ETA Software/DE-10 Lite/OBD2_Scanner/db/sign_div_unsign_jlh.tdf Line: 25
Info (12021): Found 1 design units, including 1 entities, in source file db/alt_u_div_ghe.tdf
    Info (12023): Found entity 1: alt_u_div_ghe File: C:/ETA Software/DE-10 Lite/OBD2_Scanner/db/alt_u_div_ghe.tdf Line: 27
Warning (14026): LATCH primitive "LED_number:speed|segment_display:digit2|HEX_location[0]" is permanently enabled File: C:/ETA Software/DE-10 Lite/OBD2_Scanner/LED_number.v Line: 38
Warning (14026): LATCH primitive "LED_number:speed|segment_display:digit2|HEX_location[1]" is permanently enabled File: C:/ETA Software/DE-10 Lite/OBD2_Scanner/LED_number.v Line: 38
Warning (14026): LATCH primitive "LED_number:speed|segment_display:digit2|HEX_location[2]" is permanently enabled File: C:/ETA Software/DE-10 Lite/OBD2_Scanner/LED_number.v Line: 38
Warning (14026): LATCH primitive "LED_number:speed|segment_display:digit2|HEX_location[3]" is permanently enabled File: C:/ETA Software/DE-10 Lite/OBD2_Scanner/LED_number.v Line: 38
Warning (14026): LATCH primitive "LED_number:speed|segment_display:digit2|HEX_location[4]" is permanently enabled File: C:/ETA Software/DE-10 Lite/OBD2_Scanner/LED_number.v Line: 38
Warning (14026): LATCH primitive "LED_number:speed|segment_display:digit2|HEX_location[5]" is permanently enabled File: C:/ETA Software/DE-10 Lite/OBD2_Scanner/LED_number.v Line: 38
Warning (14026): LATCH primitive "LED_number:speed|segment_display:digit2|HEX_location[6]" is permanently enabled File: C:/ETA Software/DE-10 Lite/OBD2_Scanner/LED_number.v Line: 38
Warning (14026): LATCH primitive "LED_number:load|segment_display:digit2|HEX_location[0]" is permanently enabled File: C:/ETA Software/DE-10 Lite/OBD2_Scanner/LED_number.v Line: 38
Warning (14026): LATCH primitive "LED_number:load|segment_display:digit2|HEX_location[1]" is permanently enabled File: C:/ETA Software/DE-10 Lite/OBD2_Scanner/LED_number.v Line: 38
Warning (14026): LATCH primitive "LED_number:load|segment_display:digit2|HEX_location[2]" is permanently enabled File: C:/ETA Software/DE-10 Lite/OBD2_Scanner/LED_number.v Line: 38
Warning (14026): LATCH primitive "LED_number:load|segment_display:digit2|HEX_location[3]" is permanently enabled File: C:/ETA Software/DE-10 Lite/OBD2_Scanner/LED_number.v Line: 38
Warning (14026): LATCH primitive "LED_number:load|segment_display:digit2|HEX_location[4]" is permanently enabled File: C:/ETA Software/DE-10 Lite/OBD2_Scanner/LED_number.v Line: 38
Warning (14026): LATCH primitive "LED_number:load|segment_display:digit2|HEX_location[5]" is permanently enabled File: C:/ETA Software/DE-10 Lite/OBD2_Scanner/LED_number.v Line: 38
Warning (14026): LATCH primitive "LED_number:load|segment_display:digit2|HEX_location[6]" is permanently enabled File: C:/ETA Software/DE-10 Lite/OBD2_Scanner/LED_number.v Line: 38
Warning (13039): The following bidirectional pins have no drivers
    Warning (13040): bidirectional pin "ARDUINO_IO[0]" has no driver File: C:/ETA Software/DE-10 Lite/OBD2_Scanner/DE10_LITE_Golden_Top.v Line: 64
    Warning (13040): bidirectional pin "ARDUINO_IO[1]" has no driver File: C:/ETA Software/DE-10 Lite/OBD2_Scanner/DE10_LITE_Golden_Top.v Line: 64
    Warning (13040): bidirectional pin "ARDUINO_IO[2]" has no driver File: C:/ETA Software/DE-10 Lite/OBD2_Scanner/DE10_LITE_Golden_Top.v Line: 64
    Warning (13040): bidirectional pin "ARDUINO_IO[3]" has no driver File: C:/ETA Software/DE-10 Lite/OBD2_Scanner/DE10_LITE_Golden_Top.v Line: 64
    Warning (13040): bidirectional pin "ARDUINO_IO[4]" has no driver File: C:/ETA Software/DE-10 Lite/OBD2_Scanner/DE10_LITE_Golden_Top.v Line: 64
    Warning (13040): bidirectional pin "ARDUINO_IO[5]" has no driver File: C:/ETA Software/DE-10 Lite/OBD2_Scanner/DE10_LITE_Golden_Top.v Line: 64
    Warning (13040): bidirectional pin "ARDUINO_IO[6]" has no driver File: C:/ETA Software/DE-10 Lite/OBD2_Scanner/DE10_LITE_Golden_Top.v Line: 64
    Warning (13040): bidirectional pin "ARDUINO_IO[7]" has no driver File: C:/ETA Software/DE-10 Lite/OBD2_Scanner/DE10_LITE_Golden_Top.v Line: 64
    Warning (13040): bidirectional pin "ARDUINO_IO[8]" has no driver File: C:/ETA Software/DE-10 Lite/OBD2_Scanner/DE10_LITE_Golden_Top.v Line: 64
    Warning (13040): bidirectional pin "ARDUINO_IO[9]" has no driver File: C:/ETA Software/DE-10 Lite/OBD2_Scanner/DE10_LITE_Golden_Top.v Line: 64
    Warning (13040): bidirectional pin "ARDUINO_IO[10]" has no driver File: C:/ETA Software/DE-10 Lite/OBD2_Scanner/DE10_LITE_Golden_Top.v Line: 64
    Warning (13040): bidirectional pin "ARDUINO_IO[11]" has no driver File: C:/ETA Software/DE-10 Lite/OBD2_Scanner/DE10_LITE_Golden_Top.v Line: 64
    Warning (13040): bidirectional pin "ARDUINO_IO[12]" has no driver File: C:/ETA Software/DE-10 Lite/OBD2_Scanner/DE10_LITE_Golden_Top.v Line: 64
    Warning (13040): bidirectional pin "ARDUINO_IO[13]" has no driver File: C:/ETA Software/DE-10 Lite/OBD2_Scanner/DE10_LITE_Golden_Top.v Line: 64
    Warning (13040): bidirectional pin "ARDUINO_IO[14]" has no driver File: C:/ETA Software/DE-10 Lite/OBD2_Scanner/DE10_LITE_Golden_Top.v Line: 64
    Warning (13040): bidirectional pin "ARDUINO_IO[15]" has no driver File: C:/ETA Software/DE-10 Lite/OBD2_Scanner/DE10_LITE_Golden_Top.v Line: 64
    Warning (13040): bidirectional pin "ARDUINO_RESET_N" has no driver File: C:/ETA Software/DE-10 Lite/OBD2_Scanner/DE10_LITE_Golden_Top.v Line: 65
Warning (13012): Latch LED_number:speed|segment_display:digit0|HEX_location[0] has unsafe behavior File: C:/ETA Software/DE-10 Lite/OBD2_Scanner/LED_number.v Line: 38
    Warning (13013): Ports D and ENA on the latch are fed by the same signal buffered_data[4][0] File: C:/ETA Software/DE-10 Lite/OBD2_Scanner/DE10_LITE_Golden_Top.v Line: 94
Warning (13012): Latch LED_number:speed|segment_display:digit0|HEX_location[1] has unsafe behavior File: C:/ETA Software/DE-10 Lite/OBD2_Scanner/LED_number.v Line: 38
    Warning (13013): Ports D and ENA on the latch are fed by the same signal buffered_data[4][0] File: C:/ETA Software/DE-10 Lite/OBD2_Scanner/DE10_LITE_Golden_Top.v Line: 94
Warning (13012): Latch LED_number:speed|segment_display:digit0|HEX_location[2] has unsafe behavior File: C:/ETA Software/DE-10 Lite/OBD2_Scanner/LED_number.v Line: 38
    Warning (13013): Ports D and ENA on the latch are fed by the same signal buffered_data[4][0] File: C:/ETA Software/DE-10 Lite/OBD2_Scanner/DE10_LITE_Golden_Top.v Line: 94
Warning (13012): Latch LED_number:speed|segment_display:digit0|HEX_location[3] has unsafe behavior File: C:/ETA Software/DE-10 Lite/OBD2_Scanner/LED_number.v Line: 38
    Warning (13013): Ports D and ENA on the latch are fed by the same signal buffered_data[4][0] File: C:/ETA Software/DE-10 Lite/OBD2_Scanner/DE10_LITE_Golden_Top.v Line: 94
Warning (13012): Latch LED_number:speed|segment_display:digit0|HEX_location[4] has unsafe behavior File: C:/ETA Software/DE-10 Lite/OBD2_Scanner/LED_number.v Line: 38
    Warning (13013): Ports D and ENA on the latch are fed by the same signal buffered_data[4][0] File: C:/ETA Software/DE-10 Lite/OBD2_Scanner/DE10_LITE_Golden_Top.v Line: 94
Warning (13012): Latch LED_number:speed|segment_display:digit0|HEX_location[5] has unsafe behavior File: C:/ETA Software/DE-10 Lite/OBD2_Scanner/LED_number.v Line: 38
    Warning (13013): Ports D and ENA on the latch are fed by the same signal buffered_data[4][0] File: C:/ETA Software/DE-10 Lite/OBD2_Scanner/DE10_LITE_Golden_Top.v Line: 94
Warning (13012): Latch LED_number:speed|segment_display:digit0|HEX_location[6] has unsafe behavior File: C:/ETA Software/DE-10 Lite/OBD2_Scanner/LED_number.v Line: 38
    Warning (13013): Ports D and ENA on the latch are fed by the same signal buffered_data[4][0] File: C:/ETA Software/DE-10 Lite/OBD2_Scanner/DE10_LITE_Golden_Top.v Line: 94
Warning (13012): Latch LED_number:speed|segment_display:digit1|HEX_location[0] has unsafe behavior File: C:/ETA Software/DE-10 Lite/OBD2_Scanner/LED_number.v Line: 38
    Warning (13013): Ports D and ENA on the latch are fed by the same signal LED_number:speed|lpm_divide:Mod1|lpm_divide_ckl:auto_generated|sign_div_unsign_bkh:divider|alt_u_div_0fe:divider|StageOut[35]~synth File: C:/ETA Software/DE-10 Lite/OBD2_Scanner/db/alt_u_div_0fe.tdf Line: 79
Warning (13012): Latch LED_number:speed|segment_display:digit1|HEX_location[1] has unsafe behavior File: C:/ETA Software/DE-10 Lite/OBD2_Scanner/LED_number.v Line: 38
    Warning (13013): Ports D and ENA on the latch are fed by the same signal LED_number:speed|lpm_divide:Mod1|lpm_divide_ckl:auto_generated|sign_div_unsign_bkh:divider|alt_u_div_0fe:divider|StageOut[35]~synth File: C:/ETA Software/DE-10 Lite/OBD2_Scanner/db/alt_u_div_0fe.tdf Line: 79
Warning (13012): Latch LED_number:speed|segment_display:digit1|HEX_location[2] has unsafe behavior File: C:/ETA Software/DE-10 Lite/OBD2_Scanner/LED_number.v Line: 38
    Warning (13013): Ports D and ENA on the latch are fed by the same signal LED_number:speed|lpm_divide:Mod1|lpm_divide_ckl:auto_generated|sign_div_unsign_bkh:divider|alt_u_div_0fe:divider|StageOut[37]~synth File: C:/ETA Software/DE-10 Lite/OBD2_Scanner/db/alt_u_div_0fe.tdf Line: 79
Warning (13012): Latch LED_number:speed|segment_display:digit1|HEX_location[3] has unsafe behavior File: C:/ETA Software/DE-10 Lite/OBD2_Scanner/LED_number.v Line: 38
    Warning (13013): Ports D and ENA on the latch are fed by the same signal LED_number:speed|lpm_divide:Mod1|lpm_divide_ckl:auto_generated|sign_div_unsign_bkh:divider|alt_u_div_0fe:divider|StageOut[35]~synth File: C:/ETA Software/DE-10 Lite/OBD2_Scanner/db/alt_u_div_0fe.tdf Line: 79
Warning (13012): Latch LED_number:speed|segment_display:digit1|HEX_location[4] has unsafe behavior File: C:/ETA Software/DE-10 Lite/OBD2_Scanner/LED_number.v Line: 38
    Warning (13013): Ports D and ENA on the latch are fed by the same signal LED_number:speed|lpm_divide:Mod1|lpm_divide_ckl:auto_generated|sign_div_unsign_bkh:divider|alt_u_div_0fe:divider|StageOut[35]~synth File: C:/ETA Software/DE-10 Lite/OBD2_Scanner/db/alt_u_div_0fe.tdf Line: 79
Warning (13012): Latch LED_number:speed|segment_display:digit1|HEX_location[5] has unsafe behavior File: C:/ETA Software/DE-10 Lite/OBD2_Scanner/LED_number.v Line: 38
    Warning (13013): Ports D and ENA on the latch are fed by the same signal LED_number:speed|lpm_divide:Mod1|lpm_divide_ckl:auto_generated|sign_div_unsign_bkh:divider|alt_u_div_0fe:divider|StageOut[35]~synth File: C:/ETA Software/DE-10 Lite/OBD2_Scanner/db/alt_u_div_0fe.tdf Line: 79
Warning (13012): Latch LED_number:speed|segment_display:digit1|HEX_location[6] has unsafe behavior File: C:/ETA Software/DE-10 Lite/OBD2_Scanner/LED_number.v Line: 38
    Warning (13013): Ports D and ENA on the latch are fed by the same signal LED_number:speed|lpm_divide:Mod1|lpm_divide_ckl:auto_generated|sign_div_unsign_bkh:divider|alt_u_div_0fe:divider|StageOut[35]~synth File: C:/ETA Software/DE-10 Lite/OBD2_Scanner/db/alt_u_div_0fe.tdf Line: 79
Warning (13012): Latch LED_number:load|segment_display:digit0|HEX_location[0] has unsafe behavior File: C:/ETA Software/DE-10 Lite/OBD2_Scanner/LED_number.v Line: 38
    Warning (13013): Ports D and ENA on the latch are fed by the same signal buffered_data[5][0] File: C:/ETA Software/DE-10 Lite/OBD2_Scanner/DE10_LITE_Golden_Top.v Line: 94
Warning (13012): Latch LED_number:load|segment_display:digit0|HEX_location[1] has unsafe behavior File: C:/ETA Software/DE-10 Lite/OBD2_Scanner/LED_number.v Line: 38
    Warning (13013): Ports D and ENA on the latch are fed by the same signal buffered_data[5][0] File: C:/ETA Software/DE-10 Lite/OBD2_Scanner/DE10_LITE_Golden_Top.v Line: 94
Warning (13012): Latch LED_number:load|segment_display:digit0|HEX_location[2] has unsafe behavior File: C:/ETA Software/DE-10 Lite/OBD2_Scanner/LED_number.v Line: 38
    Warning (13013): Ports D and ENA on the latch are fed by the same signal buffered_data[5][0] File: C:/ETA Software/DE-10 Lite/OBD2_Scanner/DE10_LITE_Golden_Top.v Line: 94
Warning (13012): Latch LED_number:load|segment_display:digit0|HEX_location[3] has unsafe behavior File: C:/ETA Software/DE-10 Lite/OBD2_Scanner/LED_number.v Line: 38
    Warning (13013): Ports D and ENA on the latch are fed by the same signal buffered_data[5][0] File: C:/ETA Software/DE-10 Lite/OBD2_Scanner/DE10_LITE_Golden_Top.v Line: 94
Warning (13012): Latch LED_number:load|segment_display:digit0|HEX_location[4] has unsafe behavior File: C:/ETA Software/DE-10 Lite/OBD2_Scanner/LED_number.v Line: 38
    Warning (13013): Ports D and ENA on the latch are fed by the same signal buffered_data[5][0] File: C:/ETA Software/DE-10 Lite/OBD2_Scanner/DE10_LITE_Golden_Top.v Line: 94
Warning (13012): Latch LED_number:load|segment_display:digit0|HEX_location[5] has unsafe behavior File: C:/ETA Software/DE-10 Lite/OBD2_Scanner/LED_number.v Line: 38
    Warning (13013): Ports D and ENA on the latch are fed by the same signal buffered_data[5][0] File: C:/ETA Software/DE-10 Lite/OBD2_Scanner/DE10_LITE_Golden_Top.v Line: 94
Warning (13012): Latch LED_number:load|segment_display:digit0|HEX_location[6] has unsafe behavior File: C:/ETA Software/DE-10 Lite/OBD2_Scanner/LED_number.v Line: 38
    Warning (13013): Ports D and ENA on the latch are fed by the same signal buffered_data[5][0] File: C:/ETA Software/DE-10 Lite/OBD2_Scanner/DE10_LITE_Golden_Top.v Line: 94
Warning (13012): Latch LED_number:load|segment_display:digit1|HEX_location[0] has unsafe behavior File: C:/ETA Software/DE-10 Lite/OBD2_Scanner/LED_number.v Line: 38
    Warning (13013): Ports D and ENA on the latch are fed by the same signal LED_number:load|lpm_divide:Mod1|lpm_divide_ckl:auto_generated|sign_div_unsign_bkh:divider|alt_u_div_0fe:divider|StageOut[35]~synth File: C:/ETA Software/DE-10 Lite/OBD2_Scanner/db/alt_u_div_0fe.tdf Line: 79
Warning (13012): Latch LED_number:load|segment_display:digit1|HEX_location[1] has unsafe behavior File: C:/ETA Software/DE-10 Lite/OBD2_Scanner/LED_number.v Line: 38
    Warning (13013): Ports D and ENA on the latch are fed by the same signal LED_number:load|lpm_divide:Mod1|lpm_divide_ckl:auto_generated|sign_div_unsign_bkh:divider|alt_u_div_0fe:divider|StageOut[35]~synth File: C:/ETA Software/DE-10 Lite/OBD2_Scanner/db/alt_u_div_0fe.tdf Line: 79
Warning (13012): Latch LED_number:load|segment_display:digit1|HEX_location[2] has unsafe behavior File: C:/ETA Software/DE-10 Lite/OBD2_Scanner/LED_number.v Line: 38
    Warning (13013): Ports D and ENA on the latch are fed by the same signal LED_number:load|lpm_divide:Mod1|lpm_divide_ckl:auto_generated|sign_div_unsign_bkh:divider|alt_u_div_0fe:divider|StageOut[37]~synth File: C:/ETA Software/DE-10 Lite/OBD2_Scanner/db/alt_u_div_0fe.tdf Line: 79
Warning (13012): Latch LED_number:load|segment_display:digit1|HEX_location[3] has unsafe behavior File: C:/ETA Software/DE-10 Lite/OBD2_Scanner/LED_number.v Line: 38
    Warning (13013): Ports D and ENA on the latch are fed by the same signal LED_number:load|lpm_divide:Mod1|lpm_divide_ckl:auto_generated|sign_div_unsign_bkh:divider|alt_u_div_0fe:divider|StageOut[35]~synth File: C:/ETA Software/DE-10 Lite/OBD2_Scanner/db/alt_u_div_0fe.tdf Line: 79
Warning (13012): Latch LED_number:load|segment_display:digit1|HEX_location[4] has unsafe behavior File: C:/ETA Software/DE-10 Lite/OBD2_Scanner/LED_number.v Line: 38
    Warning (13013): Ports D and ENA on the latch are fed by the same signal LED_number:load|lpm_divide:Mod1|lpm_divide_ckl:auto_generated|sign_div_unsign_bkh:divider|alt_u_div_0fe:divider|StageOut[35]~synth File: C:/ETA Software/DE-10 Lite/OBD2_Scanner/db/alt_u_div_0fe.tdf Line: 79
Warning (13012): Latch LED_number:load|segment_display:digit1|HEX_location[5] has unsafe behavior File: C:/ETA Software/DE-10 Lite/OBD2_Scanner/LED_number.v Line: 38
    Warning (13013): Ports D and ENA on the latch are fed by the same signal LED_number:load|lpm_divide:Mod1|lpm_divide_ckl:auto_generated|sign_div_unsign_bkh:divider|alt_u_div_0fe:divider|StageOut[35]~synth File: C:/ETA Software/DE-10 Lite/OBD2_Scanner/db/alt_u_div_0fe.tdf Line: 79
Warning (13012): Latch LED_number:load|segment_display:digit1|HEX_location[6] has unsafe behavior File: C:/ETA Software/DE-10 Lite/OBD2_Scanner/LED_number.v Line: 38
    Warning (13013): Ports D and ENA on the latch are fed by the same signal LED_number:load|lpm_divide:Mod1|lpm_divide_ckl:auto_generated|sign_div_unsign_bkh:divider|alt_u_div_0fe:divider|StageOut[35]~synth File: C:/ETA Software/DE-10 Lite/OBD2_Scanner/db/alt_u_div_0fe.tdf Line: 79
Warning (13024): Output pins are stuck at VCC or GND
    Warning (13410): Pin "HEX0[7]" is stuck at VCC File: C:/ETA Software/DE-10 Lite/OBD2_Scanner/DE10_LITE_Golden_Top.v Line: 36
    Warning (13410): Pin "HEX1[7]" is stuck at VCC File: C:/ETA Software/DE-10 Lite/OBD2_Scanner/DE10_LITE_Golden_Top.v Line: 39
    Warning (13410): Pin "HEX2[7]" is stuck at VCC File: C:/ETA Software/DE-10 Lite/OBD2_Scanner/DE10_LITE_Golden_Top.v Line: 42
    Warning (13410): Pin "HEX3[7]" is stuck at VCC File: C:/ETA Software/DE-10 Lite/OBD2_Scanner/DE10_LITE_Golden_Top.v Line: 45
    Warning (13410): Pin "HEX4[7]" is stuck at VCC File: C:/ETA Software/DE-10 Lite/OBD2_Scanner/DE10_LITE_Golden_Top.v Line: 48
    Warning (13410): Pin "HEX5[7]" is stuck at VCC File: C:/ETA Software/DE-10 Lite/OBD2_Scanner/DE10_LITE_Golden_Top.v Line: 51
    Warning (13410): Pin "GPIO_35" is stuck at GND File: C:/ETA Software/DE-10 Lite/OBD2_Scanner/DE10_LITE_Golden_Top.v Line: 72
Info (286030): Timing-Driven Synthesis is running
Info (17016): Found the following redundant logic cells in design
    Info (17048): Logic cell "LED_number:speed|lpm_divide:Mod1|lpm_divide_ckl:auto_generated|sign_div_unsign_bkh:divider|alt_u_div_0fe:divider|add_sub_6_result_int[0]~10" File: C:/ETA Software/DE-10 Lite/OBD2_Scanner/db/alt_u_div_0fe.tdf Line: 57
Info (144001): Generated suppressed messages file C:/ETA Software/DE-10 Lite/OBD2_Scanner/output_files/OBD2.map.smsg
Info (16010): Generating hard_block partition "hard_block:auto_generated_inst"
    Info (16011): Adding 0 node(s), including 0 DDIO, 0 PLL, 0 transceiver and 0 LCELL
Warning (21074): Design contains 2 input pin(s) that do not drive logic
    Warning (15610): No output dependent on input pin "KEY[0]" File: C:/ETA Software/DE-10 Lite/OBD2_Scanner/DE10_LITE_Golden_Top.v Line: 55
    Warning (15610): No output dependent on input pin "KEY[1]" File: C:/ETA Software/DE-10 Lite/OBD2_Scanner/DE10_LITE_Golden_Top.v Line: 55
Info (21057): Implemented 922 device resources after synthesis - the final resource count might be different
    Info (21058): Implemented 4 input pins
    Info (21059): Implemented 59 output pins
    Info (21060): Implemented 17 bidirectional pins
    Info (21061): Implemented 842 logic cells
Info: Quartus Prime Analysis & Synthesis was successful. 0 errors, 114 warnings
    Info: Peak virtual memory: 4799 megabytes
    Info: Processing ended: Mon Apr 21 21:23:53 2025
    Info: Elapsed time: 00:00:15
    Info: Total CPU time (on all processors): 00:00:25


+------------------------------------------+
; Analysis & Synthesis Suppressed Messages ;
+------------------------------------------+
The suppressed messages can be found in C:/ETA Software/DE-10 Lite/OBD2_Scanner/output_files/OBD2.map.smsg.


